Ningguang,Yae Miko,Nahida,Sangonomiya Kokomi
Ningguang,Nahida,Sangonomiya Kokomi,Kuki Shinobu
Raiden Shogun,Traveler-D,Fischl,Sangonomiya Kokomi
Raiden Shogun,Traveler-D,Sangonomiya Kokomi,Zhongli
Raiden Shogun,Traveler-D,Sangonomiya Kokomi,Kaedehara Kazuha
Raiden Shogun,Traveler-D,Sangonomiya Kokomi,Venti
Sangonomiya Kokomi,Traveler-D,Sucrose,Kuki Shinobu
Sangonomiya Kokomi,Traveler-D,Fischl,Kaedehara Kazuha
Sangonomiya Kokomi,Traveler-D,Fischl,Sucrose
Sangonomiya Kokomi,Traveler-D,Collei,Kuki Shinobu
Tighnari,Nahida,Barbara,Kuki Shinobu
Tighnari,Yelan,Nahida,Kuki Shinobu
Tighnari,Raiden Shogun,Nahida,Sangonomiya Kokomi
Tighnari,Fischl,Sangonomiya Kokomi,Kaedehara Kazuha
Tighnari,Yae Miko,Nahida,Sangonomiya Kokomi
Tighnari,Yae Miko,Sangonomiya Kokomi,Kaedehara Kazuha
Alhaitham,Nahida,Fischl,Sangonomiya Kokomi
Alhaitham,Nahida,Sangonomiya Kokomi,Kuki Shinobu
Alhaitham,Raiden Shogun,Nahida,Sangonomiya Kokomi
Alhaitham,Yae Miko,Nahida,Sangonomiya Kokomi
Cyno,Traveler-D,Fischl,Sangonomiya Kokomi
Cyno,Nahida,Fischl,Sangonomiya Kokomi
Keqing,Traveler-D,Sangonomiya Kokomi,Kaedehara Kazuha
Keqing,Traveler-D,Fischl,Sangonomiya Kokomi
Keqing,Nahida,Fischl,Sangonomiya Kokomi
Keqing,Nahida,Sangonomiya Kokomi,Kaedehara Kazuha
Nahida,Raiden Shogun,Traveler-D,Sangonomiya Kokomi
Nahida,Raiden Shogun,Sangonomiya Kokomi,Baizhu
Nahida,Raiden Shogun,Sangonomiya Kokomi,Kaedehara Kazuha
Nahida,Raiden Shogun,Sangonomiya Kokomi,Venti
Nahida,Raiden Shogun,Sangonomiya Kokomi,Zhongli
Nahida,Raiden Shogun,Fischl,Sangonomiya Kokomi
Nahida,Raiden Shogun,Kaedehara Kazuha,Barbara
Nahida,Raiden Shogun,Lynette,Barbara
Nahida,Raiden Shogun,Ningguang,Sangonomiya Kokomi
Nahida,Yun Jin,Sangonomiya Kokomi,Kuki Shinobu
Nahida,Sangonomiya Kokomi,Zhongli,Kuki Shinobu
Nahida,Sangonomiya Kokomi,Venti,Kuki Shinobu
Nahida,Sangonomiya Kokomi,Kaedehara Kazuha,Kuki Shinobu
Nahida,Sangonomiya Kokomi,Sucrose,Kuki Shinobu
Nahida,Fischl,Sangonomiya Kokomi,Kuki Shinobu
Nahida,Fischl,Sangonomiya Kokomi,Sucrose
Nahida,Fischl,Sangonomiya Kokomi,Kaedehara Kazuha
Nahida,Fischl,Beidou,Sangonomiya Kokomi
Raiden Shogun,Yae Miko,Traveler-D,Sangonomiya Kokomi
Nahida,Yae Miko,Raiden Shogun,Sangonomiya Kokomi
Nahida,Yae Miko,Raiden Shogun,Barbara
Nahida,Yae Miko,Sangonomiya Kokomi,Lynette
Nahida,Yae Miko,Sangonomiya Kokomi,Kuki Shinobu
Nahida,Yae Miko,Sangonomiya Kokomi,Venti
Nahida,Yae Miko,Sangonomiya Kokomi,Kaedehara Kazuha
Nahida,Yae Miko,Sangonomiya Kokomi,Zhongli
Nahida,Yae Miko,Fischl,Sangonomiya Kokomi
Yae Miko,Fischl,Sangonomiya Kokomi,Venti
Yae Miko,Traveler-D,Sangonomiya Kokomi,Kaedehara Kazuha
Wanderer,Xingqiu,Nahida,Kuki Shinobu
Tighnari,Xingqiu,Nahida,Kuki Shinobu
Kaveh,Xingqiu,Baizhu,Kuki Shinobu
Kaveh,Xingqiu,Nahida,Beidou
Kaveh,Xingqiu,Nahida,Kuki Shinobu
Kaveh,Yelan,Xingqiu,Kuki Shinobu
Raiden Shogun,Xingqiu,Traveler-D,Zhongli
Raiden Shogun,Xingqiu,Traveler-D,Fischl
Raiden Shogun,Xingqiu,Traveler-D,Kuki Shinobu
Raiden Shogun,Xingqiu,Traveler-D,Kaedehara Kazuha
Raiden Shogun,Xingqiu,Traveler-D,Jean
Raiden Shogun,Xingqiu,Traveler-D,Yaoyao
Raiden Shogun,Xingqiu,Traveler-D,Bennett
Raiden Shogun,Xingqiu,Collei,Bennett
Raiden Shogun,Yelan,Traveler-D,Bennett
Raiden Shogun,Yelan,Traveler-D,Zhongli
Raiden Shogun,Yelan,Traveler-D,Jean
Raiden Shogun,Yelan,Traveler-D,Yaoyao
Raiden Shogun,Yelan,Traveler-D,Sangonomiya Kokomi
Raiden Shogun,Yelan,Traveler-D,Sucrose
Raiden Shogun,Yelan,Xingqiu,Traveler-D
Raiden Shogun,Yelan,Xingqiu,Yaoyao
Raiden Shogun,Yelan,Xingqiu,Baizhu
Raiden Shogun,Yelan,Collei,Jean
Raiden Shogun,Yelan,Kaedehara Kazuha,Baizhu
Lisa,Xingqiu,Traveler-D,Fischl
Nahida,Xingqiu,Fischl,Lisa
Sucrose,Xingqiu,Traveler-D,Fischl
Sucrose,Xingqiu,Traveler-D,Kuki Shinobu
Sucrose,Xingqiu,Fischl,Collei
Sucrose,Xingqiu,Fischl,Yaoyao
Nahida,Xingqiu,Fischl,Sucrose
Nahida,Xingqiu,Sucrose,Kuki Shinobu
Sucrose,Yelan,Traveler-D,Kuki Shinobu
Xingqiu,Traveler-D,Fischl,Kaedehara Kazuha
Xingqiu,Traveler-D,Fischl,Kuki Shinobu
Xingqiu,Traveler-D,Collei,Kuki Shinobu
Xingqiu,Traveler-D,Zhongli,Kuki Shinobu
Yelan,Traveler-D,Kaedehara Kazuha,Kuki Shinobu
Yelan,Xingqiu,Kuki Shinobu,Yaoyao
Yelan,Xingqiu,Baizhu,Kuki Shinobu
Yelan,Xingqiu,Traveler-D,Kuki Shinobu
Ningguang,Xingqiu,Nahida,Kuki Shinobu
Ningguang,Yelan,Nahida,Kuki Shinobu
Noelle,Raiden Shogun,Xingqiu,Nahida
Noelle,Xingqiu,Nahida,Fischl
Cyno,Xingqiu,Traveler-D,Beidou
Cyno,Xingqiu,Traveler-D,Kuki Shinobu
Cyno,Xingqiu,Traveler-D,Fischl
Cyno,Xingqiu,Nahida,Bennett
Cyno,Xingqiu,Nahida,Kuki Shinobu
Cyno,Xingqiu,Nahida,Zhongli
Cyno,Xingqiu,Nahida,Beidou
Cyno,Xingqiu,Nahida,Yaoyao
Cyno,Xingqiu,Nahida,Baizhu
Cyno,Yelan,Fischl,Baizhu
Cyno,Yelan,Xingqiu,Nahida
Cyno,Yelan,Traveler-D,Kuki Shinobu
Cyno,Yelan,Traveler-D,Zhongli
Cyno,Yelan,Nahida,Baizhu
Cyno,Yelan,Nahida,Yaoyao
Cyno,Yelan,Nahida,Kuki Shinobu
Cyno,Yelan,Nahida,Zhongli
Keqing,Xingqiu,Nahida,Kuki Shinobu
Keqing,Yelan,Nahida,Zhongli
Kamisato Ayato,Raiden Shogun,Kaedehara Kazuha,Yaoyao
Kamisato Ayato,Xingqiu,Nahida,Kuki Shinobu
Kamisato Ayato,Xingqiu,Traveler-D,Kuki Shinobu
Kamisato Ayato,Yelan,Nahida,Kuki Shinobu
Kamisato Ayato,Yelan,Traveler-D,Kuki Shinobu
Kamisato Ayato,Yae Miko,Nahida,Zhongli
Kamisato Ayato,Yun Jin,Nahida,Kuki Shinobu
Kamisato Ayato,Yun Jin,Collei,Kuki Shinobu
Kamisato Ayato,Collei,Kaedehara Kazuha,Kuki Shinobu
Kamisato Ayato,Collei,Zhongli,Kuki Shinobu
Kamisato Ayato,Traveler-D,Fischl,Kaedehara Kazuha
Kamisato Ayato,Traveler-D,Venti,Kuki Shinobu
Kamisato Ayato,Traveler-D,Collei,Kuki Shinobu
Kamisato Ayato,Traveler-D,Nahida,Kuki Shinobu
Kamisato Ayato,Raiden Shogun,Nahida,Yaoyao
Kamisato Ayato,Raiden Shogun,Nahida,Zhongli
Kamisato Ayato,Nahida,Beidou,Kuki Shinobu
Kamisato Ayato,Nahida,Zhongli,Kuki Shinobu
Kamisato Ayato,Nahida,Fischl,Kuki Shinobu
Kamisato Ayato,Nahida,Fischl,Zhongli
Kamisato Ayato,Nahida,Sucrose,Kuki Shinobu
Kamisato Ayato,Nahida,Kaedehara Kazuha,Kuki Shinobu
Kamisato Ayato,Nahida,Venti,Kuki Shinobu
Nahida,Raiden Shogun,Xingqiu,Baizhu
Nahida,Raiden Shogun,Xingqiu,Collei
Nahida,Raiden Shogun,Xingqiu,Bennett
Nahida,Raiden Shogun,Xingqiu,Yaoyao
Nahida,Raiden Shogun,Xingqiu,Qiqi
Nahida,Raiden Shogun,Xingqiu,Barbara
Nahida,Raiden Shogun,Xingqiu,Zhongli
Nahida,Raiden Shogun,Xingqiu,Fischl
Nahida,Raiden Shogun,Xingqiu,Kuki Shinobu
Nahida,Raiden Shogun,Xingqiu,Kaedehara Kazuha
Nahida,Raiden Shogun,Xingqiu,Jean
Nahida,Raiden Shogun,Xingqiu,Venti
Nahida,Raiden Shogun,Xingqiu,Beidou
Nahida,Raiden Shogun,Xingqiu,Sangonomiya Kokomi
Nahida,Raiden Shogun,Xingqiu,Diona
Nahida,Raiden Shogun,Yelan,Kuki Shinobu
Nahida,Raiden Shogun,Yelan,Baizhu
Nahida,Raiden Shogun,Yelan,Bennett
Nahida,Raiden Shogun,Yelan,Barbara
Nahida,Raiden Shogun,Yelan,Zhongli
Nahida,Raiden Shogun,Yelan,Venti
Nahida,Raiden Shogun,Yelan,Kaedehara Kazuha
Nahida,Raiden Shogun,Yelan,Sangonomiya Kokomi
Nahida,Raiden Shogun,Yelan,Jean
Nahida,Raiden Shogun,Yelan,Yaoyao
Nahida,Raiden Shogun,Yelan,Diona
Nahida,Raiden Shogun,Yelan,Xingqiu
Nahida,Yae Miko,Raiden Shogun,Xingqiu
Nahida,Yelan,Xingqiu,Kuki Shinobu
Nahida,Yelan,Xingqiu,Fischl
Nahida,Yelan,Yae Miko,Venti
Nahida,Yelan,Yae Miko,Kuki Shinobu
Nahida,Yelan,Yae Miko,Sangonomiya Kokomi
Nahida,Yelan,Yae Miko,Zhongli
Nahida,Yelan,Yae Miko,Diona
Nahida,Yelan,Yae Miko,Bennett
Nahida,Yelan,Yae Miko,Baizhu
Nahida,Yelan,Fischl,Kuki Shinobu
Nahida,Yelan,Fischl,Sangonomiya Kokomi
Nahida,Yelan,Bennett,Kuki Shinobu
Nahida,Yelan,Beidou,Kuki Shinobu
Nahida,Yelan,Sucrose,Kuki Shinobu
Nahida,Yelan,Kaedehara Kazuha,Kuki Shinobu
Nahida,Yelan,Venti,Kuki Shinobu
Nahida,Yelan,Mona,Kuki Shinobu
Nahida,Yelan,Zhongli,Kuki Shinobu
Nahida,Yelan,Sangonomiya Kokomi,Kuki Shinobu
Nahida,Yelan,Traveler-D,Kuki Shinobu
Nahida,Yelan,Baizhu,Kuki Shinobu
Nahida,Yelan,Kuki Shinobu,Yaoyao
Nahida,Yelan,Barbara,Kuki Shinobu
Nahida,Yelan,Nilou,Kuki Shinobu
Nahida,Yelan,Kirara,Kuki Shinobu
Nahida,Xingqiu,Baizhu,Kuki Shinobu
Nahida,Xingqiu,Kirara,Kuki Shinobu
Nahida,Xingqiu,Baizhu,Kuki Shinobu
Nahida,Xingqiu,Bennett,Kuki Shinobu
Nahida,Xingqiu,Venti,Kuki Shinobu
Nahida,Xingqiu,Diona,Kuki Shinobu
Nahida,Xingqiu,Traveler-D,Kuki Shinobu
Nahida,Xingqiu,Traveler-A,Kuki Shinobu
Nahida,Xingqiu,Kaedehara Kazuha,Kuki Shinobu
Nahida,Xingqiu,Collei,Kuki Shinobu
Nahida,Xingqiu,Zhongli,Kuki Shinobu
Nahida,Xingqiu,Beidou,Kuki Shinobu
Nahida,Xingqiu,Sangonomiya Kokomi,Kuki Shinobu
Nahida,Xingqiu,Barbara,Kuki Shinobu
Nahida,Xingqiu,Sucrose,Kuki Shinobu
Nahida,Xingqiu,Fischl,Sangonomiya Kokomi
Nahida,Xingqiu,Fischl,Kuki Shinobu
Nahida,Xingqiu,Fischl,Kaedehara Kazuha
Nahida,Xingqiu,Fischl,Sucrose
Nahida,Xingqiu,Fischl,Beidou
Nahida,Xingqiu,Fischl,Bennett
Nahida,Xingqiu,Kuki Shinobu,Yaoyao
Nahida,Xingqiu,Lynette,Kuki Shinobu
Nahida,Barbara,Nilou,Kuki Shinobu
Nahida,Yae Miko,Raiden Shogun,Yelan
Nahida,Yae Miko,Xingqiu,Sangonomiya Kokomi
Nahida,Yae Miko,Xingqiu,Kuki Shinobu
Nahida,Yae Miko,Xingqiu,Fischl
Alhaitham,Yelan,Baizhu,Kuki Shinobu
Alhaitham,Yelan,Baizhu,Kuki Shinobu
Alhaitham,Yelan,Collei,Kuki Shinobu
Alhaitham,Yelan,Zhongli,Kuki Shinobu
Alhaitham,Yelan,Kuki Shinobu,Yaoyao
Alhaitham,Yelan,Traveler-D,Kuki Shinobu
Alhaitham,Yelan,Xingqiu,Kuki Shinobu
Alhaitham,Yelan,Fischl,Zhongli
Alhaitham,Yelan,Yae Miko,Baizhu
Alhaitham,Yelan,Sangonomiya Kokomi,Kuki Shinobu
Alhaitham,Yelan,Kaedehara Kazuha,Kuki Shinobu
Alhaitham,Yelan,Nahida,Kuki Shinobu
Alhaitham,Yelan,Kirara,Kuki Shinobu
Alhaitham,Yelan,Yun Jin,Kuki Shinobu
Alhaitham,Xingqiu,Fischl,Yaoyao
Alhaitham,Xingqiu,Fischl,Zhongli
Alhaitham,Xingqiu,Fischl,Kuki Shinobu
Alhaitham,Xingqiu,Collei,Kuki Shinobu
Alhaitham,Xingqiu,Baizhu,Kuki Shinobu
Alhaitham,Xingqiu,Kaedehara Kazuha,Kuki Shinobu
Alhaitham,Xingqiu,Zhongli,Kuki Shinobu
Alhaitham,Xingqiu,Nahida,Kuki Shinobu
Alhaitham,Xingqiu,Kuki Shinobu,Yaoyao
Alhaitham,Xingqiu,Baizhu,Kuki Shinobu
Alhaitham,Xingqiu,Traveler-D,Kuki Shinobu
Alhaitham,Xingqiu,Traveler-A,Kuki Shinobu
Alhaitham,Xingqiu,Kirara,Kuki Shinobu
Alhaitham,Raiden Shogun,Xingqiu,Diona
Alhaitham,Raiden Shogun,Xingqiu,Baizhu
Alhaitham,Raiden Shogun,Xingqiu,Yaoyao
Alhaitham,Raiden Shogun,Xingqiu,Nahida
Alhaitham,Raiden Shogun,Xingqiu,Zhongli
Alhaitham,Raiden Shogun,Yelan,Baizhu
Alhaitham,Raiden Shogun,Yelan,Nahida
Alhaitham,Raiden Shogun,Yelan,Zhongli
Alhaitham,Raiden Shogun,Yelan,Yaoyao
Tartaglia,Yelan,Nahida,Kuki Shinobu
Tartaglia,Nahida,Kaedehara Kazuha,Kuki Shinobu
Eula,Yelan,Nahida,Kuki Shinobu
Eula,Xingqiu,Nahida,Kuki Shinobu
Freminet,Xingqiu,Nahida,Kuki Shinobu
Kamisato Ayaka,Raiden Shogun,Xingqiu,Nahida
Kamisato Ayaka,Yae Miko,Nahida,Sangonomiya Kokomi
Kamisato Ayaka,Xingqiu,Nahida,Kuki Shinobu
Ganyu,Xingqiu,Nahida,Kuki Shinobu
Ganyu,Yelan,Nahida,Kuki Shinobu
Nahida,Xingqiu,Kuki Shinobu,Layla
Nahida,Xingqiu,Kaeya,Kuki Shinobu
Tighnari,Yae Miko,Fischl,Kaedehara Kazuha
Tighnari,Yae Miko,Fischl,Yaoyao
Tighnari,Yae Miko,Fischl,Zhongli
Tighnari,Yae Miko,Fischl,Baizhu
Tighnari,Yae Miko,Nahida,Layla
Tighnari,Yae Miko,Nahida,Kuki Shinobu
Tighnari,Yae Miko,Nahida,Fischl
Tighnari,Yae Miko,Nahida,Zhongli
Tighnari,Yae Miko,Nahida,Baizhu
Tighnari,Yae Miko,Nahida,Diona
Tighnari,Yae Miko,Traveler-D,Zhongli
Tighnari,Yae Miko,Traveler-D,Diona
Tighnari,Yae Miko,Zhongli,Yaoyao
Tighnari,Yae Miko,Venti,Baizhu
Tighnari,Yae Miko,Kaedehara Kazuha,Zhongli
Tighnari,Raiden Shogun,Nahida,Zhongli
Tighnari,Raiden Shogun,Yae Miko,Zhongli
Tighnari,Raiden Shogun,Nahida,Kuki Shinobu
Tighnari,Raiden Shogun,Kaedehara Kazuha,Bennett
Tighnari,Nahida,Fischl,Zhongli
Tighnari,Nahida,Zhongli,Kuki Shinobu
Tighnari,Nahida,Fischl,Kuki Shinobu
Tighnari,Nahida,Kaedehara Kazuha,Kuki Shinobu
Tighnari,Fischl,Kaedehara Kazuha,Kuki Shinobu
Tighnari,Fischl,Kaedehara Kazuha,Zhongli
Tighnari,Keqing,Fischl,Zhongli
Tighnari,Traveler-D,Fischl,Zhongli
Alhaitham,Nahida,Kuki Shinobu,Yaoyao
Alhaitham,Nahida,Baizhu,Kuki Shinobu
Alhaitham,Nahida,Beidou,Kuki Shinobu
Alhaitham,Nahida,Zhongli,Kuki Shinobu
Alhaitham,Nahida,Kaedehara Kazuha,Kuki Shinobu
Alhaitham,Nahida,Fischl,Kuki Shinobu
Alhaitham,Nahida,Fischl,Zhongli
Alhaitham,Raiden Shogun,Nahida,Baizhu
Alhaitham,Raiden Shogun,Nahida,Yaoyao
Alhaitham,Raiden Shogun,Nahida,Zhongli
Alhaitham,Raiden Shogun,Nahida,Kuki Shinobu
Alhaitham,Raiden Shogun,Yae Miko,Zhongli
Alhaitham,Raiden Shogun,Fischl,Baizhu
Alhaitham,Raiden Shogun,Traveler-D,Zhongli
Alhaitham,Fischl,Zhongli,Yaoyao
Alhaitham,Fischl,Collei,Zhongli
Alhaitham,Fischl,Beidou,Yaoyao
Alhaitham,Fischl,Beidou,Baizhu
Alhaitham,Yae Miko,Kaedehara Kazuha,Zhongli
Alhaitham,Yae Miko,Zhongli,Yaoyao
Alhaitham,Yae Miko,Zhongli,Kuki Shinobu
Alhaitham,Yae Miko,Fischl,Yaoyao
Alhaitham,Yae Miko,Fischl,Zhongli
Alhaitham,Yae Miko,Nahida,Bennett
Alhaitham,Yae Miko,Nahida,Baizhu
Alhaitham,Yae Miko,Nahida,Diona
Alhaitham,Yae Miko,Nahida,Yaoyao
Alhaitham,Yae Miko,Nahida,Zhongli
Alhaitham,Yae Miko,Nahida,Fischl
Alhaitham,Yae Miko,Nahida,Kuki Shinobu
Nahida,Fischl,Beidou,Kaedehara Kazuha
Nahida,Fischl,Beidou,Venti
Nahida,Fischl,Beidou,Zhongli
Nahida,Fischl,Beidou,Sucrose
Nahida,Fischl,Lisa,Kaedehara Kazuha
Nahida,Fischl,Kaedehara Kazuha,Bennett
Nahida,Fischl,Kaedehara Kazuha,Sayu
Nahida,Fischl,Kaedehara Kazuha,Kuki Shinobu
Nahida,Raiden Shogun,Lynette,Zhongli
Nahida,Raiden Shogun,Venti,Zhongli
Nahida,Raiden Shogun,Venti,Bennett
Nahida,Raiden Shogun,Venti,Kuki Shinobu
Nahida,Raiden Shogun,Venti,Yaoyao
Nahida,Raiden Shogun,Kaedehara Kazuha,Kuki Shinobu
Nahida,Raiden Shogun,Kaedehara Kazuha,Zhongli
Nahida,Raiden Shogun,Kaedehara Kazuha,Bennett
Nahida,Raiden Shogun,Kaedehara Kazuha,Diona
Nahida,Raiden Shogun,Fischl,Sayu
Nahida,Raiden Shogun,Fischl,Zhongli
Nahida,Raiden Shogun,Fischl,Venti
Nahida,Raiden Shogun,Fischl,Bennett
Nahida,Raiden Shogun,Fischl,Kaedehara Kazuha
Nahida,Raiden Shogun,Fischl,Jean
Nahida,Raiden Shogun,Fischl,Sucrose
Nahida,Raiden Shogun,Kujou Sara,Zhongli
Nahida,Raiden Shogun,Kujou Sara,Kaedehara Kazuha
Nahida,Raiden Shogun,Kujou Sara,Bennett
Nahida,Raiden Shogun,Kujou Sara,Jean
Nahida,Raiden Shogun,Kujou Sara,Kuki Shinobu
Nahida,Raiden Shogun,Kujou Sara,Sayu
Nahida,Raiden Shogun,Zhongli,Bennett
Nahida,Yae Miko,Raiden Shogun,Zhongli
Nahida,Yae Miko,Raiden Shogun,Bennett
Nahida,Yae Miko,Raiden Shogun,Sucrose
Nahida,Yae Miko,Raiden Shogun,Jean
Nahida,Yae Miko,Raiden Shogun,Kaedehara Kazuha
Nahida,Yae Miko,Raiden Shogun,Venti
Nahida,Yae Miko,Raiden Shogun,Yaoyao
Nahida,Yae Miko,Raiden Shogun,Diona
Nahida,Yae Miko,Raiden Shogun,Baizhu
Nahida,Yae Miko,Fischl,Kirara
Nahida,Yae Miko,Fischl,Baizhu
Nahida,Yae Miko,Fischl,Kuki Shinobu
Nahida,Yae Miko,Fischl,Yaoyao
Nahida,Yae Miko,Fischl,Zhongli
Nahida,Yae Miko,Fischl,Kaedehara Kazuha
Nahida,Yae Miko,Fischl,Jean
Nahida,Yae Miko,Fischl,Sucrose
Nahida,Yae Miko,Fischl,Bennett
Nahida,Yae Miko,Kaedehara Kazuha,Baizhu
Nahida,Yae Miko,Kaedehara Kazuha,Yaoyao
Nahida,Yae Miko,Kaedehara Kazuha,Kuki Shinobu
Nahida,Yae Miko,Kaedehara Kazuha,Bennett
Nahida,Yae Miko,Kaedehara Kazuha,Zhongli
Nahida,Yae Miko,Venti,Zhongli
Nahida,Yae Miko,Venti,Kuki Shinobu
Nahida,Yae Miko,Jean,Zhongli
Nahida,Yae Miko,Sucrose,Kuki Shinobu
Nahida,Yae Miko,Zhongli,Kuki Shinobu
Nahida,Yae Miko,Traveler-D,Diona
Nahida,Yae Miko,Traveler-D,Zhongli
Nahida,Yae Miko,Kujou Sara,Zhongli
Nahida,Yae Miko,Kuki Shinobu,Yaoyao
Nahida,Yae Miko,Kirara,Kuki Shinobu
Ganyu,Nahida,Zhongli,Kuki Shinobu
Noelle,Yun Jin,Fischl,Collei
Noelle,Yun Jin,Nahida,Fischl
Fischl,Kaedehara Kazuha,Venti,Yaoyao
Sucrose,Fischl,Beidou,Yaoyao
Sucrose,Traveler-D,Fischl,Beidou
Raiden Shogun,Traveler-D,Sucrose,Yaoyao
Raiden Shogun,Traveler-D,Zhongli,Bennett
Raiden Shogun,Traveler-D,Kaedehara Kazuha,Bennett
Raiden Shogun,Traveler-D,Fischl,Zhongli
Raiden Shogun,Traveler-D,Fischl,Venti
Raiden Shogun,Traveler-D,Kujou Sara,Bennett
Raiden Shogun,Traveler-D,Kujou Sara,Jean
Raiden Shogun,Kujou Sara,Kaedehara Kazuha,Yaoyao
Raiden Shogun,Kujou Sara,Collei,Jean
Raiden Shogun,Collei,Kaedehara Kazuha,Bennett
Traveler-D,Fischl,Beidou,Kaedehara Kazuha
Traveler-D,Fischl,Kaedehara Kazuha,Bennett
Shikanoin Heizou,Yae Miko,Fischl,Collei
Lisa,Fischl,Sucrose,Kirara
Lisa,Traveler-D,Fischl,Sucrose
Nahida,Fischl,Lisa,Sucrose
Keqing,Traveler-D,Fischl,Jean
Keqing,Traveler-D,Fischl,Kaedehara Kazuha
Keqing,Traveler-D,Fischl,Sucrose
Keqing,Traveler-D,Fischl,Zhongli
Keqing,Traveler-D,Fischl,Venti
Keqing,Traveler-D,Kaedehara Kazuha,Zhongli
Keqing,Traveler-D,Kaedehara Kazuha,Kuki Shinobu
Keqing,Nahida,Kujou Sara,Zhongli
Keqing,Nahida,Kujou Sara,Kaedehara Kazuha
Keqing,Nahida,Fischl,Kaedehara Kazuha
Keqing,Nahida,Fischl,Baizhu
Keqing,Nahida,Fischl,Sucrose
Keqing,Nahida,Fischl,Zhongli
Keqing,Nahida,Fischl,Venti
Keqing,Nahida,Fischl,Kuki Shinobu
Keqing,Nahida,Fischl,Jean
Keqing,Nahida,Fischl,Yaoyao
Keqing,Nahida,Venti,Bennett
Keqing,Nahida,Lynette,Kuki Shinobu
Keqing,Nahida,Kaedehara Kazuha,Zhongli
Keqing,Nahida,Kaedehara Kazuha,Bennett
Keqing,Nahida,Kaedehara Kazuha,Kuki Shinobu
Keqing,Nahida,Diona,Kirara
Keqing,Collei,Kaedehara Kazuha,Kuki Shinobu
Keqing,Yae Miko,Nahida,Zhongli
Keqing,Yae Miko,Nahida,Jean
Keqing,Raiden Shogun,Nahida,Bennett
Keqing,Fischl,Sucrose,Yaoyao
Keqing,Fischl,Sucrose,Baizhu
Keqing,Fischl,Kaedehara Kazuha,Yaoyao
Keqing,Fischl,Kaedehara Kazuha,Kirara
Keqing,Fischl,Kaedehara Kazuha,Baizhu
Keqing,Fischl,Traveler-A,Zhongli
Keqing,Fischl,Venti,Yaoyao
Keqing,Fischl,Lynette,Yaoyao
Keqing,Fischl,Collei,Kaedehara Kazuha
Keqing,Fischl,Collei,Sucrose
Keqing,Fischl,Collei,Zhongli
Raiden Shogun,Yae Miko,Venti,Yaoyao
Raiden Shogun,Yae Miko,Venti,Baizhu
Raiden Shogun,Yae Miko,Kaedehara Kazuha,Baizhu
Raiden Shogun,Yae Miko,Kaedehara Kazuha,Yaoyao
Raiden Shogun,Yae Miko,Traveler-D,Zhongli
Raiden Shogun,Yae Miko,Traveler-D,Bennett
Raiden Shogun,Yae Miko,Traveler-D,Kaedehara Kazuha
Yae Miko,Fischl,Kaedehara Kazuha,Yaoyao
Yae Miko,Fischl,Kaedehara Kazuha,Baizhu
Yae Miko,Fischl,Kaedehara Kazuha,Kirara
Yae Miko,Fischl,Baizhu,Kirara
Yae Miko,Fischl,Sucrose,Kirara
Yae Miko,Fischl,Sucrose,Yaoyao
Yae Miko,Traveler-D,Fischl,Zhongli
Yae Miko,Traveler-D,Fischl,Sucrose
Yae Miko,Traveler-D,Fischl,Kaedehara Kazuha
Yae Miko,Traveler-D,Sucrose,Bennett
Yae Miko,Traveler-D,Kaedehara Kazuha,Kuki Shinobu
Nahida,Yae Miko,Fischl,Sucrose
Nahida,Yae Miko,Fischl,Kaedehara Kazuha
Nahida,Yae Miko,Sucrose,Bennett
Nahida,Yae Miko,Kaedehara Kazuha,Kuki Shinobu
Cyno,Nahida,Zhongli,Dori
Cyno,Nahida,Beidou,Zhongli
Cyno,Nahida,Fischl,Zhongli
Cyno,Nahida,Fischl,Baizhu
Cyno,Nahida,Fischl,Kaedehara Kazuha
Cyno,Nahida,Sucrose,Kuki Shinobu
Cyno,Nahida,Kaedehara Kazuha,Kuki Shinobu
Cyno,Nahida,Kaedehara Kazuha,Zhongli
Cyno,Nahida,Albedo,Zhongli
Cyno,Traveler-D,Fischl,Zhongli
Cyno,Traveler-D,Fischl,Kaedehara Kazuha
Cyno,Traveler-D,Sucrose,Kuki Shinobu
Cyno,Traveler-D,Kaedehara Kazuha,Kuki Shinobu
Cyno,Traveler-D,Albedo,Zhongli
Cyno,Fischl,Collei,Zhongli
Cyno,Fischl,Kaedehara Kazuha,Baizhu
Cyno,Yae Miko,Traveler-D,Zhongli
Cyno,Yae Miko,Nahida,Zhongli
Kamisato Ayato,Nahida,Nilou,Yaoyao
Kamisato Ayato,Nahida,Nilou,Baizhu
Tartaglia,Nahida,Nilou,Baizhu
Tartaglia,Nahida,Nilou,Yaoyao
Tartaglia,Nahida,Kaedehara Kazuha,Bennett
Alhaitham,Nahida,Nilou,Sangonomiya Kokomi
Kaveh,Kamisato Ayato,Nilou,Baizhu
Kaveh,Kamisato Ayato,Nahida,Nilou
Kaveh,Yelan,Xingqiu,Baizhu
Kaveh,Yelan,Xingqiu,Nilou
Kaveh,Yelan,Nahida,Nilou
Kaveh,Xingqiu,Nahida,Nilou
Kaveh,Xingqiu,Nahida,Zhongli
Kaveh,Xingqiu,Nilou,Baizhu
Kaveh,Xingqiu,Nilou,Yaoyao
Kaveh,Xingqiu,Traveler-D,Nilou
Kaveh,Nahida,Nilou,Barbara
Kaveh,Nahida,Nilou,Sangonomiya Kokomi
Tighnari,Nahida,Nilou,Sangonomiya Kokomi
Nilou,Tighnari,Traveler-D,Sangonomiya Kokomi
Nilou,Alhaitham,Xingqiu,Yaoyao
Nilou,Alhaitham,Xingqiu,Baizhu
Nilou,Kamisato Ayato,Traveler-D,Yaoyao
Nilou,Traveler-D,Collei,Sangonomiya Kokomi
Nilou,Traveler-D,Collei,Barbara
Nilou,Traveler-D,Sangonomiya Kokomi,Yaoyao
Nilou,Traveler-D,Sangonomiya Kokomi,Kirara
Nilou,Traveler-D,Barbara,Yaoyao
Nilou,Collei,Traveler-A,Barbara
Nilou,Collei,Sangonomiya Kokomi,Traveler-A
Nilou,Collei,Sangonomiya Kokomi,Kirara
Nilou,Collei,Sangonomiya Kokomi,Yaoyao
Nilou,Yelan,Traveler-D,Sangonomiya Kokomi
Nilou,Yelan,Traveler-D,Barbara
Nilou,Yelan,Traveler-D,Yaoyao
Nilou,Yelan,Baizhu,Kirara
Nilou,Xingqiu,Traveler-D,Sangonomiya Kokomi
Nilou,Xingqiu,Traveler-D,Collei
Nilou,Xingqiu,Traveler-D,Yaoyao
Nahida,Yelan,Nilou,Sangonomiya Kokomi
Nahida,Yelan,Nilou,Barbara
Nahida,Yelan,Nilou,Yaoyao
Nahida,Yelan,Nilou,Baizhu
Nahida,Yelan,Nilou,Kirara
Nahida,Yelan,Xingqiu,Nilou
Nahida,Xingqiu,Nilou,Baizhu
Nahida,Xingqiu,Nilou,Sangonomiya Kokomi
Nahida,Xingqiu,Nilou,Barbara
Nahida,Xingqiu,Nilou,Yaoyao
Nahida,Xingqiu,Mona,Nilou
Nahida,Nilou,Sangonomiya Kokomi,Barbara
Nahida,Nilou,Sangonomiya Kokomi,Traveler-A
Nahida,Nilou,Sangonomiya Kokomi,Yaoyao
Nahida,Nilou,Sangonomiya Kokomi,Baizhu
Nahida,Nilou,Sangonomiya Kokomi,Kirara
Nahida,Nilou,Traveler-A,Barbara
Nahida,Barbara,Nilou,Yaoyao
Nahida,Barbara,Nilou,Baizhu
Nahida,Barbara,Nilou,Kirara
Nahida,Mona,Nilou,Sangonomiya Kokomi
Nahida,Candace,Nilou,Yaoyao
Nahida,Traveler-D,Nilou,Sangonomiya Kokomi
Nahida,Traveler-D,Nilou,Barbara
Nahida,Traveler-D,Nilou,Yaoyao
Nahida,Collei,Nilou,Yaoyao
Nahida,Collei,Nilou,Sangonomiya Kokomi
Nahida,Collei,Nilou,Barbara
Nilou,Xiangling,Kaedehara Kazuha,Bennett
Kaveh,Cyno,Fischl,Baizhu
Raiden Shogun,Xiangling,Traveler-D,Bennett
Raiden Shogun,Xiangling,Collei,Bennett
Nahida,Xiangling,Zhongli,Bennett
Nahida,Xiangling,Bennett,Diona
Nahida,Xiangling,Raiden Shogun,Bennett
Nahida,Xiangling,Kaedehara Kazuha,Bennett
Nahida,Kaedehara Kazuha,Venti,Bennett
Nahida,Raiden Shogun,Bennett,Layla
Dehya,Nahida,Kaedehara Kazuha,Kuki Shinobu
Dehya,Nahida,Kaedehara Kazuha,Bennett
Xiangling,Collei,Amber,Barbara
Xingqiu,Traveler-D,Kaedehara Kazuha,Bennett
Kamisato Ayato,Nahida,Thoma,Bennett
Kamisato Ayato,Xiangling,Baizhu,Bennett
Kamisato Ayato,Traveler-D,Kaedehara Kazuha,Bennett
Kamisato Ayato,Nahida,Kaedehara Kazuha,Bennett
Tartaglia,Xiangling,Nahida,Bennett
Hu Tao,Xingqiu,Nahida,Sangonomiya Kokomi
Hu Tao,Xingqiu,Nahida,Bennett
Hu Tao,Xingqiu,Nahida,Zhongli
Hu Tao,Xingqiu,Nahida,Diona
Hu Tao,Xingqiu,Collei,Zhongli
Hu Tao,Xingqiu,Traveler-D,Zhongli
Hu Tao,Yelan,Xingqiu,Kirara
Hu Tao,Yelan,Xingqiu,Nahida
Hu Tao,Yelan,Nahida,Thoma
Hu Tao,Yelan,Nahida,Zhongli
Klee,Yelan,Nahida,Zhongli
Klee,Xingqiu,Nahida,Baizhu
Klee,Xingqiu,Nahida,Bennett
Klee,Xingqiu,Nahida,Zhongli
Diluc,Xingqiu,Nahida,Bennett
Diluc,Xingqiu,Nahida,Zhongli
Dehya,Yelan,Nahida,Sangonomiya Kokomi
Yoimiya,Yelan,Nahida,Bennett
Yoimiya,Yelan,Nahida,Zhongli
Yoimiya,Xingqiu,Nahida,Zhongli
Nahida,Yelan,Sangonomiya Kokomi,Thoma
Nahida,Yelan,Xingqiu,Thoma
Nahida,Yelan,Thoma,Bennett
Nahida,Xingqiu,Thoma,Bennett
Nahida,Xingqiu,Zhongli,Bennett
Nahida,Xingqiu,Kaedehara Kazuha,Bennett
Nahida,Xiangling,Yelan,Jean
Nahida,Xiangling,Xingqiu,Thoma
Nahida,Xiangling,Xingqiu,Zhongli
Alhaitham,Xingqiu,Thoma,Baizhu
Razor,Xiangling,Nahida,Sangonomiya Kokomi
Razor,Xingqiu,Traveler-D,Bennett
Razor,Xingqiu,Nahida,Bennett
Cyno,Yelan,Nahida,Thoma
Klee,Xingqiu,Nahida,Kuki Shinobu
Kamisato Ayato,Nahida,Thoma,Kuki Shinobu
Yanfei,Xingqiu,Nahida,Kuki Shinobu
Hu Tao,Xingqiu,Nahida,Kuki Shinobu
Yoimiya,Yae Miko,Nahida,Sangonomiya Kokomi
Yoimiya,Raiden Shogun,Xingqiu,Nahida
Yoimiya,Xingqiu,Nahida,Beidou
Yoimiya,Xingqiu,Nahida,Kuki Shinobu
Nahida,Fischl,Sangonomiya Kokomi,Thoma
Nahida,Fischl,Barbara,Thoma
Nahida,Yelan,Thoma,Kuki Shinobu
Nahida,Xiangling,Yelan,Kuki Shinobu
Nahida,Xiangling,Xingqiu,Kuki Shinobu
Nahida,Xingqiu,Thoma,Kuki Shinobu
Nahida,Xingqiu,Fischl,Thoma
Nahida,Xingqiu,Thoma,Layla
Ganyu,Mona,Venti,Layla
Ganyu,Mona,Venti,Diona
Ganyu,Mona,Kaedehara Kazuha,Diona
Ganyu,Mona,Kaedehara Kazuha,Venti
Ganyu,Mona,Sucrose,Diona
Ganyu,Mona,Venti,Zhongli
Ganyu,Kamisato Ayato,Venti,Diona
Ganyu,Kamisato Ayato,Kaedehara Kazuha,Diona
Ganyu,Sangonomiya Kokomi,Venti,Diona
Ganyu,Sangonomiya Kokomi,Kaedehara Kazuha,Zhongli
Ganyu,Sangonomiya Kokomi,Kaedehara Kazuha,Diona
Ganyu,Sangonomiya Kokomi,Kaedehara Kazuha,Layla
Ganyu,Shenhe,Mona,Venti
Ganyu,Shenhe,Mona,Kaedehara Kazuha
Ganyu,Shenhe,Mona,Diona
Ganyu,Shenhe,Sangonomiya Kokomi,Venti
Ganyu,Shenhe,Sangonomiya Kokomi,Kaedehara Kazuha
Ganyu,Kaeya,Sangonomiya Kokomi,Venti
Ganyu,Rosaria,Mona,Venti
Ganyu,Rosaria,Mona,Zhongli
Ganyu,Rosaria,Sangonomiya Kokomi,Venti
Ganyu,Rosaria,Sangonomiya Kokomi,Kaedehara Kazuha
Ganyu,Rosaria,Kaedehara Kazuha,Zhongli
Ganyu,Ningguang,Sangonomiya Kokomi,Kaedehara Kazuha
Kamisato Ayaka,Sangonomiya Kokomi,Kaedehara Kazuha,Layla
Kamisato Ayaka,Sangonomiya Kokomi,Kaedehara Kazuha,Diona
Kamisato Ayaka,Sangonomiya Kokomi,Kaedehara Kazuha,Zhongli
Kamisato Ayaka,Sangonomiya Kokomi,Venti,Diona
Kamisato Ayaka,Kamisato Ayato,Venti,Diona
Kamisato Ayaka,Kamisato Ayato,Shenhe,Barbara
Kamisato Ayaka,Kamisato Ayato,Shenhe,Sayu
Kamisato Ayaka,Kamisato Ayato,Kaedehara Kazuha,Diona
Kamisato Ayaka,Kamisato Ayato,Sucrose,Diona
Kamisato Ayaka,Ganyu,Shenhe,Sangonomiya Kokomi
Kamisato Ayaka,Ganyu,Shenhe,Mona
Kamisato Ayaka,Ganyu,Sangonomiya Kokomi,Jean
Kamisato Ayaka,Ganyu,Sangonomiya Kokomi,Venti
Kamisato Ayaka,Ganyu,Sangonomiya Kokomi,Sucrose
Kamisato Ayaka,Ganyu,Sangonomiya Kokomi,Kaedehara Kazuha
Kamisato Ayaka,Ganyu,Sangonomiya Kokomi,Zhongli
Kamisato Ayaka,Ganyu,Mona,Diona
Kamisato Ayaka,Ganyu,Mona,Venti
Kamisato Ayaka,Ganyu,Mona,Sucrose
Kamisato Ayaka,Ganyu,Mona,Kaedehara Kazuha
Kamisato Ayaka,Ganyu,Mona,Zhongli
Kamisato Ayaka,Shenhe,Sangonomiya Kokomi,Diona
Kamisato Ayaka,Shenhe,Sangonomiya Kokomi,Kaedehara Kazuha
Kamisato Ayaka,Shenhe,Sangonomiya Kokomi,Venti
Kamisato Ayaka,Shenhe,Sangonomiya Kokomi,Sucrose
Kamisato Ayaka,Shenhe,Sangonomiya Kokomi,Zhongli
Kamisato Ayaka,Shenhe,Sangonomiya Kokomi,Lynette
Kamisato Ayaka,Shenhe,Mona,Diona
Kamisato Ayaka,Shenhe,Mona,Venti
Kamisato Ayaka,Shenhe,Mona,Sucrose
Kamisato Ayaka,Shenhe,Mona,Zhongli
Kamisato Ayaka,Shenhe,Mona,Kaedehara Kazuha
Kamisato Ayaka,Shenhe,Kaedehara Kazuha,Barbara
Kamisato Ayaka,Kaeya,Sangonomiya Kokomi,Kaedehara Kazuha
Kamisato Ayaka,Rosaria,Sangonomiya Kokomi,Sucrose
Kamisato Ayaka,Rosaria,Sangonomiya Kokomi,Venti
Kamisato Ayaka,Rosaria,Sangonomiya Kokomi,Kaedehara Kazuha
Kamisato Ayaka,Rosaria,Sangonomiya Kokomi,Zhongli
Kamisato Ayaka,Rosaria,Mona,Diona
Kamisato Ayaka,Rosaria,Mona,Venti
Kamisato Ayaka,Rosaria,Mona,Kaedehara Kazuha
Kamisato Ayaka,Mona,Venti,Diona
Kamisato Ayaka,Mona,Kaedehara Kazuha,Layla
Kamisato Ayaka,Mona,Kaedehara Kazuha,Diona
Kamisato Ayaka,Mona,Sucrose,Diona
Kamisato Ayaka,Mona,Zhongli,Diona
Kamisato Ayaka,Mona,Venti,Zhongli
Kamisato Ayaka,Xingqiu,Kaedehara Kazuha,Diona
Kamisato Ayaka,Xingqiu,Shenhe,Zhongli
Kamisato Ayaka,Xingqiu,Shenhe,Bennett
Kamisato Ayaka,Xingqiu,Shenhe,Kaedehara Kazuha
Kamisato Ayaka,Xingqiu,Rosaria,Zhongli
Kamisato Ayaka,Yelan,Ganyu,Sangonomiya Kokomi
Kamisato Ayaka,Yelan,Xingqiu,Shenhe
Kamisato Ayaka,Yelan,Kaedehara Kazuha,Diona
Kamisato Ayaka,Yelan,Kaedehara Kazuha,Layla
Kamisato Ayaka,Yelan,Kaedehara Kazuha,Qiqi
Kamisato Ayaka,Yelan,Shenhe,Zhongli
Kamisato Ayaka,Yelan,Shenhe,Venti
Kamisato Ayaka,Yelan,Shenhe,Diona
Kamisato Ayaka,Yelan,Shenhe,Sangonomiya Kokomi
Kamisato Ayaka,Yelan,Shenhe,Kaedehara Kazuha
Kamisato Ayaka,Yelan,Shenhe,Jean
Kamisato Ayaka,Yelan,Rosaria,Kaedehara Kazuha
Kamisato Ayaka,Yelan,Rosaria,Zhongli
Kamisato Ayaka,Barbara,Kaedehara Kazuha,Diona
Sangonomiya Kokomi,Shenhe,Rosaria,Kaedehara Kazuha
Kamisato Ayaka,Collei,Sangonomiya Kokomi,Kaedehara Kazuha
Ganyu,Nahida,Sangonomiya Kokomi,Venti
Kamisato Ayaka,Ganyu,Shenhe,Jean
Kamisato Ayaka,Ganyu,Shenhe,Venti
Kamisato Ayaka,Ganyu,Shenhe,Kaedehara Kazuha
Kamisato Ayaka,Ganyu,Shenhe,Diona
Kamisato Ayaka,Ganyu,Shenhe,Zhongli
Kamisato Ayaka,Ganyu,Venti,Diona
Kamisato Ayaka,Ganyu,Kaedehara Kazuha,Diona
Kamisato Ayaka,Ganyu,Kaedehara Kazuha,Zhongli
Kamisato Ayaka,Shenhe,Kaedehara Kazuha,Zhongli
Kamisato Ayaka,Shenhe,Kaedehara Kazuha,Layla
Kamisato Ayaka,Shenhe,Kaedehara Kazuha,Diona
Kamisato Ayaka,Rosaria,Kaedehara Kazuha,Zhongli
Kamisato Ayaka,Rosaria,Kaedehara Kazuha,Diona
Kamisato Ayaka,Kaeya,Kaedehara Kazuha,Diona
Ganyu,Kaedehara Kazuha,Albedo,Zhongli
Ganyu,Shenhe,Zhongli,Bennett
Ganyu,Shenhe,Venti,Zhongli
Ganyu,Shenhe,Venti,Diona
Ganyu,Shenhe,Kaedehara Kazuha,Venti
Ganyu,Shenhe,Kaedehara Kazuha,Layla
Ganyu,Shenhe,Kaedehara Kazuha,Diona
Ganyu,Shenhe,Kaedehara Kazuha,Zhongli
Xiangling,Barbara,Kaedehara Kazuha,Bennett
Xiangling,Xingqiu,Kaedehara Kazuha,Bennett
Xiangling,Xingqiu,Sucrose,Bennett
Xiangling,Xingqiu,Venti,Bennett
Xiangling,Xingqiu,Zhongli,Bennett
Xiangling,Xingqiu,Rosaria,Bennett
Xiangling,Xingqiu,Chongyun,Bennett
Xiangling,Xingqiu,Fischl,Bennett
Xiangling,Xingqiu,Baizhu,Bennett
Xiangling,Xingqiu,Jean,Bennett
Xiangling,Xingqiu,Albedo,Bennett
Xiangling,Yelan,Baizhu,Bennett
Xiangling,Yelan,Jean,Bennett
Xiangling,Yelan,Kaedehara Kazuha,Bennett
Xiangling,Yelan,Sucrose,Bennett
Xiangling,Yelan,Venti,Bennett
Xiangling,Yelan,Rosaria,Bennett
Xiangling,Yelan,Zhongli,Bennett
Xiangling,Yelan,Chongyun,Bennett
Raiden Shogun,Xiangling,Xingqiu,Bennett
Raiden Shogun,Xiangling,Yelan,Bennett
Raiden Shogun,Xiangling,Mona,Bennett
Shikanoin Heizou,Xiangling,Xingqiu,Bennett
Shikanoin Heizou,Xiangling,Yelan,Bennett
Eula,Xiangling,Xingqiu,Bennett
Nahida,Xiangling,Xingqiu,Bennett
Alhaitham,Xiangling,Xingqiu,Bennett
Nahida,Xiangling,Yelan,Bennett
Klee,Xiangling,Xingqiu,Bennett
Cyno,Xiangling,Xingqiu,Bennett
Ningguang,Xiangling,Xingqiu,Bennett
Kamisato Ayaka,Xiangling,Xingqiu,Bennett
Sangonomiya Kokomi,Xiangling,Kaedehara Kazuha,Bennett
Wanderer,Xiangling,Xingqiu,Bennett
Kamisato Ayato,Raiden Shogun,Venti,Bennett
Kamisato Ayato,Raiden Shogun,Kaedehara Kazuha,Bennett
Kamisato Ayato,Raiden Shogun,Sucrose,Bennett
Raiden Shogun,Sangonomiya Kokomi,Kaedehara Kazuha,Bennett
Raiden Shogun,Xingqiu,Venti,Bennett
Raiden Shogun,Xingqiu,Kaedehara Kazuha,Bennett
Raiden Shogun,Xingqiu,Sucrose,Bennett
Raiden Shogun,Xingqiu,Jean,Bennett
Raiden Shogun,Yelan,Jean,Bennett
Raiden Shogun,Yelan,Venti,Bennett
Raiden Shogun,Yelan,Kaedehara Kazuha,Bennett
Raiden Shogun,Yelan,Sucrose,Bennett
Raiden Shogun,Xiangling,Xingqiu,Sucrose
Raiden Shogun,Xiangling,Xingqiu,Kaedehara Kazuha
Raiden Shogun,Xiangling,Yelan,Sucrose
Raiden Shogun,Xiangling,Sangonomiya Kokomi,Lynette
Raiden Shogun,Mona,Venti,Bennett
Raiden Shogun,Mona,Kaedehara Kazuha,Bennett
Raiden Shogun,Kujou Sara,Kaedehara Kazuha,Bennett
Raiden Shogun,Kujou Sara,Kaedehara Kazuha,Zhongli
Raiden Shogun,Kujou Sara,Sucrose,Bennett
Raiden Shogun,Kujou Sara,Venti,Bennett
Raiden Shogun,Kujou Sara,Jean,Bennett
Raiden Shogun,Kujou Sara,Zhongli,Bennett
Raiden Shogun,Fischl,Kaedehara Kazuha,Bennett
Raiden Shogun,Venti,Zhongli,Bennett
Raiden Shogun,Kaedehara Kazuha,Zhongli,Bennett
Raiden Shogun,Yae Miko,Kujou Sara,Barbara
Raiden Shogun,Yae Miko,Xingqiu,Sucrose
Raiden Shogun,Yae Miko,Xingqiu,Venti
Raiden Shogun,Yae Miko,Xingqiu,Bennett
Raiden Shogun,Yae Miko,Yelan,Sucrose
Raiden Shogun,Yae Miko,Yelan,Venti
Raiden Shogun,Yae Miko,Yelan,Jean
Raiden Shogun,Yae Miko,Yelan,Bennett
Raiden Shogun,Xingqiu,Fischl,Sucrose
Raiden Shogun,Xingqiu,Fischl,Bennett
Raiden Shogun,Xingqiu,Kujou Sara,Kaedehara Kazuha
Raiden Shogun,Xingqiu,Kujou Sara,Bennett
Raiden Shogun,Xingqiu,Kaedehara Kazuha,Zhongli
Raiden Shogun,Xingqiu,Venti,Zhongli
Raiden Shogun,Xingqiu,Venti,Barbara
Raiden Shogun,Xingqiu,Sucrose,Barbara
Raiden Shogun,Xingqiu,Traveler-A,Zhongli
Raiden Shogun,Xingqiu,Mona,Bennett
Kamisato Ayato,Raiden Shogun,Xingqiu,Bennett
Raiden Shogun,Yelan,Fischl,Sucrose
Raiden Shogun,Yelan,Fischl,Bennett
Raiden Shogun,Yelan,Kujou Sara,Bennett
Raiden Shogun,Yelan,Kujou Sara,Jean
Raiden Shogun,Yelan,Kujou Sara,Kaedehara Kazuha
Raiden Shogun,Yelan,Kujou Sara,Venti
Raiden Shogun,Yelan,Kaedehara Kazuha,Zhongli
Raiden Shogun,Yelan,Kaedehara Kazuha,Diona
Raiden Shogun,Yelan,Sucrose,Barbara
Raiden Shogun,Yelan,Venti,Zhongli
Raiden Shogun,Yelan,Venti,Barbara
Raiden Shogun,Yelan,Sucrose,Barbara
Raiden Shogun,Yelan,Jean,Kaedehara Kazuha
Raiden Shogun,Yelan,Mona,Bennett
Kamisato Ayato,Raiden Shogun,Yelan,Bennett
Raiden Shogun,Yelan,Zhongli,Bennett
Raiden Shogun,Yelan,Xingqiu,Jean
Raiden Shogun,Yelan,Xingqiu,Venti
Raiden Shogun,Yelan,Xingqiu,Zhongli
Raiden Shogun,Yelan,Xingqiu,Kaedehara Kazuha
Raiden Shogun,Yelan,Xingqiu,Bennett
Kamisato Ayato,Raiden Shogun,Xiangling,Bennett
Raiden Shogun,Xiangling,Kaedehara Kazuha,Bennett
Raiden Shogun,Xiangling,Venti,Bennett
Raiden Shogun,Xiangling,Sucrose,Bennett
Raiden Shogun,Yae Miko,Xiangling,Bennett
Raiden Shogun,Xiangling,Fischl,Bennett
Raiden Shogun,Xiangling,Kujou Sara,Bennett
Raiden Shogun,Xiangling,Zhongli,Bennett
Raiden Shogun,Yae Miko,Jean,Bennett
Raiden Shogun,Yae Miko,Kaedehara Kazuha,Bennett
Raiden Shogun,Yae Miko,Sucrose,Bennett
Raiden Shogun,Yae Miko,Venti,Bennett
Raiden Shogun,Kujou Sara,Jean,Lynette
Raiden Shogun,Yae Miko,Jean,Venti
Raiden Shogun,Yae Miko,Kujou Sara,Jean
Raiden Shogun,Yae Miko,Kujou Sara,Kaedehara Kazuha
Raiden Shogun,Yae Miko,Albedo,Zhongli
Raiden Shogun,Yae Miko,Kaedehara Kazuha,Zhongli
Raiden Shogun,Yae Miko,Venti,Zhongli
Wanderer,Faruzan,Yanfei,Bennett
Wanderer,Faruzan,Thoma,Bennett
Wanderer,Faruzan,Zhongli,Bennett
Wanderer,Faruzan,Zhongli,Mika
Wanderer,Faruzan,Venti,Thoma
Wanderer,Faruzan,Lynette,Bennett
Wanderer,Faruzan,Venti,Bennett
Wanderer,Faruzan,Kaedehara Kazuha,Bennett
Wanderer,Faruzan,Yelan,Zhongli
Wanderer,Faruzan,Yelan,Bennett
Wanderer,Faruzan,Yelan,Diona
Wanderer,Faruzan,Xingqiu,Bennett
Wanderer,Faruzan,Xingqiu,Zhongli
Wanderer,Faruzan,Yun Jin,Bennett
Wanderer,Faruzan,Bennett,Layla
Wanderer,Faruzan,Bennett,Diona
Wanderer,Kaedehara Kazuha,Zhongli,Bennett
Wanderer,Yelan,Zhongli,Bennett
Wanderer,Venti,Zhongli,Bennett
Wanderer,Venti,Albedo,Zhongli
Wanderer,Dehya,Faruzan,Bennett
Wanderer,Dehya,Yelan,Bennett
Wanderer,Faruzan,Xiangling,Bennett
Wanderer,Xiangling,Zhongli,Bennett
Wanderer,Yelan,Xingqiu,Jean
Wanderer,Yelan,Xingqiu,Zhongli
Wanderer,Faruzan,Yun Jin,Zhongli
Xiao,Albedo,Zhongli,Barbara
Xiao,Faruzan,Albedo,Zhongli
Xiao,Jean,Albedo,Zhongli
Xiao,Jean,Traveler-G,Zhongli
Xiao,Sucrose,Albedo,Zhongli
Xiao,Venti,Albedo,Zhongli
Xiao,Albedo,Zhongli,Bennett
Xiao,Faruzan,Yelan,Barbara
Wanderer,Faruzan,Xingqiu,Layla
Xiao,Faruzan,Bennett,Zhongli
Xiao,Faruzan,Kaedehara Kazuha,Zhongli
Xiao,Faruzan,Kaedehara Kazuha,Bennett
Xiao,Faruzan,Jean,Bennett
Xiao,Faruzan,Jean,Zhongli
Xiao,Sucrose,Bennett,Zhongli
Xiao,Kaedehara Kazuha,Bennett,Zhongli
Xiao,Venti,Bennett,Zhongli
Xiao,Jean,Bennett,Zhongli
Xiao,Faruzan,Xiangling,Bennett
Xiao,Sucrose,Xiangling,Bennett
Xiao,Xiangling,Zhongli,Bennett
Xiao,Xiangling,Venti,Bennett
Xiao,Xiangling,Kaedehara Kazuha,Bennett
Xiao,Raiden Shogun,Xiangling,Bennett
Xiao,Raiden Shogun,Zhongli,Bennett
Cyno,Raiden Shogun,Traveler-D,Zhongli
Cyno,Raiden Shogun,Nahida,Zhongli
Klee,Arataki Itto,Gorou,Albedo
Arataki Itto,Mona,Gorou,Zhongli
Arataki Itto,Traveler-G,Gorou,Zhongli
Arataki Itto,Ningguang,Gorou,Zhongli
Arataki Itto,Albedo,Zhongli,Bennett
Arataki Itto,Ningguang,Gorou,Qiqi
Arataki Itto,Gorou,Albedo,Zhongli
Arataki Itto,Gorou,Kaedehara Kazuha,Zhongli
Arataki Itto,Gorou,Zhongli,Bennett
Arataki Itto,Gorou,Albedo,Bennett
Arataki Itto,Gorou,Albedo,Kuki Shinobu
Arataki Itto,Gorou,Albedo,Diona
Arataki Itto,Gorou,Fischl,Zhongli
Arataki Itto,Gorou,Albedo,Sangonomiya Kokomi
Arataki Itto,Gorou,Jean,Zhongli
Arataki Itto,Gorou,Sangonomiya Kokomi,Zhongli
Noelle,Xingqiu,Yun Jin,Albedo
Noelle,Gorou,Albedo,Zhongli
Noelle,Yun Jin,Gorou,Albedo
Noelle,Yun Jin,Gorou,Bennett
Noelle,Yun Jin,Gorou,Fischl
Noelle,Yelan,Gorou,Albedo
Noelle,Yelan,Yun Jin,Gorou
Noelle,Xingqiu,Yun Jin,Albedo
Noelle,Gorou,Albedo,Sucrose
Noelle,Gorou,Fischl,Albedo
Ningguang,Albedo,Zhongli,Bennett
Noelle,Xiangling,Yun Jin,Bennett
Xiangling,Albedo,Zhongli,Bennett
Ningguang,Xiangling,Zhongli,Bennett
Hu Tao,Xingqiu,Albedo,Zhongli
Hu Tao,Xingqiu,Ningguang,Zhongli
Hu Tao,Xingqiu,Traveler-G,Zhongli
Hu Tao,Yelan,Albedo,Zhongli
Hu Tao,Yelan,Ningguang,Zhongli
Hu Tao,Dehya,Yelan,Xingqiu
Hu Tao,Xiangling,Xingqiu,Mona
Hu Tao,Yelan,Xingqiu,Yanfei
Hu Tao,Yelan,Xingqiu,Jean
Hu Tao,Yelan,Xingqiu,Kaedehara Kazuha
Hu Tao,Yelan,Xingqiu,Sucrose
Hu Tao,Yelan,Xingqiu,Zhongli
Hu Tao,Yelan,Xingqiu,Albedo
Hu Tao,Yelan,Xingqiu,Bennett
Hu Tao,Yelan,Xingqiu,Thoma
Hu Tao,Yelan,Xingqiu,Diona
Hu Tao,Yelan,Xingqiu,Fischl
Hu Tao,Yelan,Xingqiu,Mona
Hu Tao,Yelan,Sangonomiya Kokomi,Kaedehara Kazuha
Hu Tao,Yelan,Sangonomiya Kokomi,Zhongli
Hu Tao,Yelan,Mona,Zhongli
Hu Tao,Xingqiu,Mona,Zhongli
Hu Tao,Xingqiu,Mona,Diona
Hu Tao,Xingqiu,Ganyu,Zhongli
Hu Tao,Xingqiu,Ganyu,Diona
Hu Tao,Xingqiu,Chongyun,Zhongli
Hu Tao,Xingqiu,Rosaria,Diona
Hu Tao,Xingqiu,Rosaria,Zhongli
Hu Tao,Xingqiu,Kaeya,Diona
Hu Tao,Xingqiu,Mona,Layla
Hu Tao,Yelan,Xingqiu,Layla
Hu Tao,Yelan,Mona,Layla
Hu Tao,Yelan,Ganyu,Zhongli
Hu Tao,Yelan,Rosaria,Diona
Hu Tao,Yelan,Rosaria,Zhongli
Hu Tao,Xingqiu,Lynette,Zhongli
Hu Tao,Xingqiu,Albedo,Diona
Hu Tao,Xingqiu,Venti,Zhongli
Hu Tao,Xingqiu,Zhongli,Bennett
Hu Tao,Xingqiu,Yun Jin,Zhongli
Hu Tao,Xingqiu,Sucrose,Zhongli
Hu Tao,Xingqiu,Sucrose,Diona
Hu Tao,Xingqiu,Sucrose,Bennett
Hu Tao,Xingqiu,Sucrose,Thoma
Hu Tao,Xingqiu,Sucrose,Yanfei
Hu Tao,Xingqiu,Kaedehara Kazuha,Zhongli
Hu Tao,Xingqiu,Kaedehara Kazuha,Bennett
Hu Tao,Xingqiu,Kaedehara Kazuha,Diona
Hu Tao,Xingqiu,Kaedehara Kazuha,Thoma
Hu Tao,Xingqiu,Amber,Kaedehara Kazuha
Hu Tao,Yelan,Lynette,Zhongli
Hu Tao,Yelan,Sucrose,Bennett
Hu Tao,Yelan,Sucrose,Thoma
Hu Tao,Yelan,Sucrose,Zhongli
Hu Tao,Yelan,Kaedehara Kazuha,Zhongli
Hu Tao,Yelan,Venti,Zhongli
Hu Tao,Yelan,Chongyun,Zhongli
Hu Tao,Yelan,Zhongli,Bennett
Hu Tao,Yelan,Sucrose,Diona
Hu Tao,Yelan,Kaedehara Kazuha,Bennett
Hu Tao,Mona,Kaedehara Kazuha,Bennett
Hu Tao,Xiangling,Xingqiu,Zhongli
Hu Tao,Xiangling,Yelan,Zhongli
Hu Tao,Xiangling,Xingqiu,Diona
Hu Tao,Xiangling,Yelan,Bennett
Hu Tao,Xiangling,Xingqiu,Bennett
Hu Tao,Ganyu,Shenhe,Zhongli
Hu Tao,Ganyu,Albedo,Zhongli
Hu Tao,Rosaria,Sucrose,Bennett
Hu Tao,Xiangling,Zhongli,Bennett
Hu Tao,Xiangling,Kaedehara Kazuha,Bennett
Hu Tao,Xiangling,Sucrose,Bennett
Hu Tao,Xiangling,Yelan,Xingqiu
Hu Tao,Xingqiu,Mona,Fischl
Hu Tao,Xingqiu,Fischl,Zhongli
Hu Tao,Xingqiu,Fischl,Diona
Hu Tao,Xingqiu,Fischl,Sucrose
Hu Tao,Xingqiu,Fischl,Kaedehara Kazuha
Hu Tao,Yelan,Yae Miko,Zhongli
Hu Tao,Yelan,Fischl,Zhongli
Hu Tao,Yelan,Xingqiu,Kuki Shinobu
Hu Tao,Yae Miko,Xingqiu,Zhongli
Hu Tao,Yae Miko,Xingqiu,Diona
Hu Tao,Raiden Shogun,Yelan,Zhongli
Hu Tao,Raiden Shogun,Xingqiu,Bennett
Hu Tao,Raiden Shogun,Xingqiu,Zhongli
Kamisato Ayaka,Ganyu,Kaedehara Kazuha,Bennett
Kamisato Ayaka,Shenhe,Kaedehara Kazuha,Bennett
Kamisato Ayaka,Rosaria,Kaedehara Kazuha,Bennett
Kamisato Ayaka,Dehya,Kaedehara Kazuha,Bennett
Kamisato Ayaka,Kaedehara Kazuha,Zhongli,Bennett
Kamisato Ayaka,Xiangling,Shenhe,Bennett
Kamisato Ayaka,Xiangling,Rosaria,Bennett
Kamisato Ayaka,Xiangling,Kaedehara Kazuha,Bennett
Kamisato Ayaka,Xiangling,Zhongli,Bennett
Kamisato Ayaka,Hu Tao,Ganyu,Zhongli
Kamisato Ayaka,Hu Tao,Nahida,Zhongli
Kamisato Ayaka,Hu Tao,Yelan,Xingqiu
Kamisato Ayaka,Hu Tao,Yelan,Zhongli
Kamisato Ayaka,Hu Tao,Xingqiu,Zhongli
Kamisato Ayaka,Hu Tao,Xingqiu,Diona
Kamisato Ayato,Yun Jin,Kaedehara Kazuha,Bennett
Kamisato Ayato,Yun Jin,Venti,Bennett
Kamisato Ayato,Yelan,Kaedehara Kazuha,Zhongli
Kamisato Ayato,Yelan,Xingqiu,Kaedehara Kazuha
Kamisato Ayato,Yelan,Sangonomiya Kokomi,Kaedehara Kazuha
Kamisato Ayato,Yelan,Venti,Bennett
Kamisato Ayato,Yelan,Sucrose,Bennett
Kamisato Ayato,Yelan,Kaedehara Kazuha,Bennett
Kamisato Ayato,Xingqiu,Venti,Bennett
Kamisato Ayato,Xingqiu,Sucrose,Bennett
Kamisato Ayato,Xingqiu,Kaedehara Kazuha,Bennett
Kamisato Ayato,Jean,Thoma,Bennett
Kamisato Ayato,Xiangling,Sucrose,Bennett
Kamisato Ayato,Xiangling,Kaedehara Kazuha,Bennett
Kamisato Ayato,Xiangling,Venti,Bennett
Kamisato Ayato,Xiangling,Zhongli,Bennett
Kamisato Ayato,Xiangling,Yun Jin,Bennett
Kamisato Ayato,Xiangling,Xingqiu,Bennett
Kamisato Ayato,Xiangling,Yelan,Bennett
Kamisato Ayato,Xiangling,Fischl,Bennett
Kamisato Ayato,Fischl,Kaedehara Kazuha,Bennett
Kamisato Ayato,Yae Miko,Yun Jin,Jean
Kamisato Ayato,Fischl,Beidou,Venti
Kamisato Ayato,Fischl,Beidou,Sucrose
Kamisato Ayato,Fischl,Beidou,Jean
Tartaglia,Kaedehara Kazuha,Thoma,Bennett
Tartaglia,Xiangling,Kaedehara Kazuha,Bennett
Tartaglia,Xiangling,Sucrose,Bennett
Tartaglia,Xiangling,Venti,Bennett
Tartaglia,Xiangling,Zhongli,Bennett
Tartaglia,Xiangling,Jean,Bennett
Tartaglia,Xingqiu,Venti,Bennett
Tartaglia,Xingqiu,Sucrose,Bennett
Tartaglia,Xingqiu,Xiangling,Bennett
Tartaglia,Xingqiu,Fischl,Beidou
Tartaglia,Xingqiu,Yae Miko,Zhongli
Tartaglia,Xingqiu,Raiden Shogun,Layla
Tartaglia,Yelan,Venti,Bennett
Tartaglia,Yelan,Sucrose,Bennett
Tartaglia,Yelan,Sangonomiya Kokomi,Kaedehara Kazuha
Tartaglia,Yelan,Xingqiu,Sangonomiya Kokomi
Tartaglia,Xingqiu,Mona,Zhongli
Tartaglia,Xingqiu,Mona,Kaedehara Kazuha
Tartaglia,Yelan,Xingqiu,Kaedehara Kazuha
Tartaglia,Yelan,Xingqiu,Mona
Tartaglia,Mona,Kaedehara Kazuha,Bennett
Tartaglia,Yelan,Xiangling,Bennett
Xiangling,Yelan,Xingqiu,Bennett
Xiangling,Yelan,Xingqiu,Zhongli
Xiangling,Yelan,Mona,Kaedehara Kazuha
Yelan,Xingqiu,Kaedehara Kazuha,Zhongli
Yelan,Xingqiu,Kaedehara Kazuha,Bennett
Tartaglia,Fischl,Beidou,Bennett
Tartaglia,Raiden Shogun,Kaedehara Kazuha,Bennett
Tartaglia,Raiden Shogun,Xiangling,Bennett
Hu Tao,Ganyu,Nahida,Zhongli
Ganyu,Venti,Zhongli,Bennett
Ganyu,Xiangling,Shenhe,Bennett
Ganyu,Xiangling,Zhongli,Bennett
Ganyu,Xiangling,Zhongli,Diona
Ganyu,Xiangling,Venti,Diona
Ganyu,Xiangling,Venti,Bennett
Ganyu,Xiangling,Bennett,Diona
Ganyu,Xiangling,Kaedehara Kazuha,Zhongli
Ganyu,Xiangling,Kaedehara Kazuha,Bennett
Ganyu,Xiangling,Sucrose,Bennett
Ganyu,Dehya,Xiangling,Bennett
Ganyu,Dehya,Kaedehara Kazuha,Bennett
Ganyu,Shenhe,Kaedehara Kazuha,Bennett
Ganyu,Kaedehara Kazuha,Zhongli,Bennett
Ganyu,Xiangling,Nahida,Zhongli
Ganyu,Nahida,Venti,Bennett
Ganyu,Dehya,Nahida,Bennett
Ganyu,Nahida,Kaedehara Kazuha,Bennett
Ganyu,Nahida,Zhongli,Bennett
Eula,Raiden Shogun,Lynette,Mika
Eula,Raiden Shogun,Nahida,Baizhu
Eula,Raiden Shogun,Rosaria,Sangonomiya Kokomi
Eula,Raiden Shogun,Zhongli,Diona
Eula,Raiden Shogun,Zhongli,Bennett
Eula,Raiden Shogun,Zhongli,Mika
Eula,Raiden Shogun,Venti,Zhongli
Eula,Raiden Shogun,Venti,Bennett
Eula,Raiden Shogun,Venti,Diona
Eula,Raiden Shogun,Yelan,Baizhu
Eula,Raiden Shogun,Yelan,Jean
Eula,Raiden Shogun,Yelan,Mika
Eula,Raiden Shogun,Yelan,Diona
Eula,Raiden Shogun,Yelan,Zhongli
Eula,Raiden Shogun,Yelan,Bennett
Eula,Raiden Shogun,Nahida,Zhongli
Eula,Raiden Shogun,Mona,Bennett
Eula,Raiden Shogun,Kujou Sara,Jean
Eula,Raiden Shogun,Rosaria,Bennett
Eula,Raiden Shogun,Rosaria,Jean
Eula,Raiden Shogun,Rosaria,Diona
Eula,Raiden Shogun,Rosaria,Zhongli
Eula,Nahida,Jean,Bennett
Eula,Raiden Shogun,Jean,Bennett
Eula,Rosaria,Fischl,Kuki Shinobu
Eula,Fischl,Beidou,Diona
Eula,Raiden Shogun,Shenhe,Diona
Eula,Raiden Shogun,Rosaria,Mika
Eula,Rosaria,Fischl,Diona
Eula,Rosaria,Jean,Zhongli
Eula,Rosaria,Fischl,Zhongli
Eula,Ganyu,Kaedehara Kazuha,Zhongli
Eula,Yelan,Zhongli,Kuki Shinobu
Yoimiya,Yelan,Zhongli,Bennett
Yoimiya,Yelan,Yun Jin,Mika
Yoimiya,Yelan,Yun Jin,Zhongli
Yoimiya,Yelan,Yun Jin,Bennett
Yoimiya,Yelan,Yun Jin,Thoma
Yoimiya,Yelan,Venti,Zhongli
Yoimiya,Yelan,Kaedehara Kazuha,Zhongli
Yoimiya,Xingqiu,Zhongli,Bennett
Yoimiya,Xingqiu,Yun Jin,Bennett
Yoimiya,Xingqiu,Yun Jin,Zhongli
Yoimiya,Xingqiu,Kaedehara Kazuha,Bennett
Yoimiya,Xingqiu,Sucrose,Bennett
Yoimiya,Yelan,Lynette,Thoma
Yoimiya,Yelan,Kaedehara Kazuha,Bennett
Yoimiya,Xiangling,Xingqiu,Zhongli
Yoimiya,Xiangling,Xingqiu,Bennett
Yoimiya,Hu Tao,Xingqiu,Zhongli
Yoimiya,Yelan,Bennett,Layla
Yoimiya,Yelan,Yun Jin,Layla
Yoimiya,Xingqiu,Rosaria,Zhongli
Yoimiya,Xingqiu,Beidou,Bennett
Yoimiya,Xingqiu,Fischl,Zhongli
Yoimiya,Xingqiu,Fischl,Bennett
Yoimiya,Yelan,Yae Miko,Zhongli
Yoimiya,Yelan,Fischl,Zhongli
Yoimiya,Yelan,Xingqiu,Kaedehara Kazuha
Yoimiya,Yelan,Xingqiu,Sucrose
Yoimiya,Yelan,Xingqiu,Zhongli
Yoimiya,Yelan,Xingqiu,Bennett
Yoimiya,Yelan,Xingqiu,Diona
Yoimiya,Xingqiu,Mona,Zhongli
Yoimiya,Yelan,Mona,Zhongli
Yoimiya,Xingqiu,Albedo,Zhongli
Yoimiya,Yelan,Albedo,Zhongli
Yoimiya,Fischl,Beidou,Diona
Yoimiya,Xingqiu,Fischl,Beidou
Yoimiya,Xiangling,Zhongli,Bennett
Yoimiya,Xiangling,Kaedehara Kazuha,Bennett
Yoimiya,Kaedehara Kazuha,Zhongli,Bennett
Yoimiya,Yun Jin,Zhongli,Bennett
Yoimiya,Yun Jin,Kaedehara Kazuha,Thoma
Yoimiya,Yun Jin,Kaedehara Kazuha,Bennett
Yoimiya,Raiden Shogun,Xiangling,Bennett
Yoimiya,Raiden Shogun,Yun Jin,Zhongli
Yoimiya,Raiden Shogun,Yelan,Jean
Yoimiya,Raiden Shogun,Yelan,Zhongli
Yoimiya,Raiden Shogun,Xingqiu,Bennett
Yoimiya,Raiden Shogun,Xingqiu,Zhongli
Diluc,Xingqiu,Venti,Bennett
Diluc,Xingqiu,Zhongli,Bennett
Diluc,Xingqiu,Kaedehara Kazuha,Bennett
Diluc,Xingqiu,Sucrose,Bennett
Diluc,Yelan,Zhongli,Bennett
Diluc,Yelan,Kaedehara Kazuha,Zhongli
Diluc,Yelan,Kaedehara Kazuha,Bennett
Diluc,Yelan,Sucrose,Bennett
Diluc,Xiangling,Xingqiu,Bennett
Diluc,Xingqiu,Albedo,Zhongli
Diluc,Yelan,Xingqiu,Bennett
Diluc,Yelan,Xingqiu,Zhongli
Diluc,Xiangling,Kaedehara Kazuha,Bennett
Diluc,Xiangling,Sucrose,Bennett
Dehya,Mona,Kaedehara Kazuha,Bennett
Dehya,Xiangling,Kaedehara Kazuha,Bennett
Dehya,Raiden Shogun,Kaedehara Kazuha,Bennett
Yanfei,Xingqiu,Kaedehara Kazuha,Bennett
Yanfei,Xingqiu,Zhongli,Bennett
Yanfei,Xingqiu,Sucrose,Bennett
Yanfei,Xingqiu,Lynette,Kuki Shinobu
Yanfei,Yelan,Xingqiu,Bennett
Lyney,Xiangling,Kaedehara Kazuha,Bennett
Lyney,Xiangling,Zhongli,Bennett
Lyney,Xiangling,Bennett,Layla
Lyney,Kaedehara Kazuha,Yanfei,Bennett
Lyney,Kaedehara Kazuha,Zhongli,Bennett
Lyney,Dehya,Kaedehara Kazuha,Bennett
Lyney,Dehya,Venti,Bennett
Yanfei,Xiangling,Lynette,Bennett
Yanfei,Xiangling,Kaedehara Kazuha,Bennett
Yanfei,Xiangling,Sucrose,Bennett
Klee,Xiangling,Zhongli,Bennett
Klee,Kaedehara Kazuha,Zhongli,Bennett
Klee,Xiangling,Kaedehara Kazuha,Bennett
Klee,Xiangling,Sucrose,Bennett
Klee,Xingqiu,Kaedehara Kazuha,Bennett
Klee,Xingqiu,Jean,Bennett
Klee,Yelan,Xingqiu,Bennett
Keqing,Xingqiu,Sucrose,Bennett
Keqing,Fischl,Sangonomiya Kokomi,Kaedehara Kazuha
Sangonomiya Kokomi,Yelan,Fischl,Sucrose
Yae Miko,Fischl,Sangonomiya Kokomi,Sucrose
Sangonomiya Kokomi,Fischl,Beidou,Sucrose
Sangonomiya Kokomi,Fischl,Beidou,Venti
Sangonomiya Kokomi,Fischl,Beidou,Kaedehara Kazuha
Sangonomiya Kokomi,Xingqiu,Fischl,Kaedehara Kazuha
Yae Miko,Fischl,Sangonomiya Kokomi,Kaedehara Kazuha
Raiden Shogun,Yae Miko,Yelan,Sangonomiya Kokomi
Raiden Shogun,Yae Miko,Sangonomiya Kokomi,Sucrose
Raiden Shogun,Yae Miko,Sangonomiya Kokomi,Kaedehara Kazuha
Raiden Shogun,Yae Miko,Xingqiu,Sangonomiya Kokomi
Raiden Shogun,Kujou Sara,Sangonomiya Kokomi,Kaedehara Kazuha
Raiden Shogun,Fischl,Sangonomiya Kokomi,Kaedehara Kazuha
Raiden Shogun,Xingqiu,Sangonomiya Kokomi,Venti
Raiden Shogun,Yelan,Sangonomiya Kokomi,Venti
Raiden Shogun,Yelan,Sangonomiya Kokomi,Kaedehara Kazuha
Yelan,Xingqiu,Fischl,Beidou
Yelan,Fischl,Kaedehara Kazuha,Bennett
Xingqiu,Fischl,Beidou,Kaedehara Kazuha
Sangonomiya Kokomi,Yelan,Fischl,Sucrose
Sucrose,Yelan,Xingqiu,Kuki Shinobu
Sucrose,Xingqiu,Fischl,Beidou
Sucrose,Yelan,Fischl,Beidou
Sucrose,Yelan,Xingqiu,Fischl
Sucrose,Fischl,Beidou,Barbara
Sangonomiya Kokomi,Sucrose,Xiangling,Fischl
Sangonomiya Kokomi,Yelan,Xingqiu,Kaedehara Kazuha
Rosaria,Jean,Bennett,Layla
Xiangling,Rosaria,Kaedehara Kazuha,Bennett
Xiangling,Rosaria,Kaeya,Bennett
Xiangling,Rosaria,Chongyun,Bennett
Xiangling,Rosaria,Sucrose,Bennett
Xiangling,Rosaria,Bennett,Diona
Xiangling,Chongyun,Kaedehara Kazuha,Bennett
Xiangling,Kaeya,Kaedehara Kazuha,Bennett
Xiangling,Kaeya,Amber,Bennett
Xiangling,Kaedehara Kazuha,Bennett,Layla
Xiangling,Shenhe,Bennett,Layla
Dehya,Rosaria,Kaedehara Kazuha,Bennett
Kaeya,Xingqiu,Fischl,Lisa
Xiangling,Kaedehara Kazuha,Venti,Bennett
Xiangling,Jean,Venti,Bennett
Xiangling,Faruzan,Kaedehara Kazuha,Bennett
Xiangling,Jean,Kaedehara Kazuha,Bennett
Xiangling,Kaedehara Kazuha,Lynette,Bennett
Xiangling,Kaedehara Kazuha,Zhongli,Bennett
Xiangling,Amber,Traveler-A,Bennett
Xiangling,Xinyan,Kaedehara Kazuha,Bennett
Xiangling,Yae Miko,Kaedehara Kazuha,Bennett
Xiangling,Fischl,Kaedehara Kazuha,Bennett
Shikanoin Heizou,Xiangling,Kaedehara Kazuha,Bennett
Shikanoin Heizou,Xingqiu,Fischl,Beidou
Shikanoin Heizou,Xingqiu,Rosaria,Kaeya
Raiden Shogun,Traveler-D,Fischl,Sangonomiya Kokomi
Raiden Shogun,Traveler-D,Sangonomiya Kokomi,Zhongli
Raiden Shogun,Traveler-D,Sangonomiya Kokomi,Kaedehara Kazuha
Raiden Shogun,Traveler-D,Sangonomiya Kokomi,Venti
Raiden Shogun,Yae Miko,Traveler-D,Sangonomiya Kokomi
Raiden Shogun,Traveler-D,Sucrose,Yaoyao
Raiden Shogun,Traveler-D,Zhongli,Bennett
Raiden Shogun,Traveler-D,Kaedehara Kazuha,Kuki Shinobu
Raiden Shogun,Traveler-D,Kaedehara Kazuha,Bennett
Raiden Shogun,Traveler-D,Fischl,Zhongli
Raiden Shogun,Traveler-D,Fischl,Venti
Raiden Shogun,Traveler-D,Kujou Sara,Bennett
Raiden Shogun,Kujou Sara,Collei,Jean
Raiden Shogun,Kujou Sara,Kaedehara Kazuha,Baizhu
Raiden Shogun,Kujou Sara,Kaedehara Kazuha,Yaoyao
Raiden Shogun,Collei,Kaedehara Kazuha,Bennett
Raiden Shogun,Yae Miko,Venti,Yaoyao
Raiden Shogun,Yae Miko,Traveler-D,Zhongli
Raiden Shogun,Yae Miko,Traveler-D,Bennett
Raiden Shogun,Yae Miko,Traveler-D,Kaedehara Kazuha
Sucrose,Fischl,Beidou,Yaoyao
Sucrose,Traveler-D,Fischl,Beidou
Nilou,Alhaitham,Xingqiu,Baizhu
Nilou,Alhaitham,Xingqiu,Yaoyao
Alhaitham,Nahida,Nilou,Sangonomiya Kokomi
Kaveh,Kamisato Ayato,Nilou,Baizhu
Kaveh,Kamisato Ayato,Nahida,Nilou
Kaveh,Yelan,Xingqiu,Baizhu
Kaveh,Yelan,Xingqiu,Nilou
Kaveh,Yelan,Nahida,Nilou
Kaveh,Xingqiu,Nilou,Baizhu
Kaveh,Xingqiu,Nilou,Yaoyao
Kaveh,Xingqiu,Traveler-D,Nilou
Kaveh,Xingqiu,Nahida,Zhongli
Kaveh,Xingqiu,Nahida,Nilou
Kaveh,Nahida,Nilou,Barbara
Kaveh,Nahida,Nilou,Sangonomiya Kokomi
Nilou,Kamisato Ayato,Traveler-D,Yaoyao
Kamisato Ayato,Nahida,Nilou,Baizhu
Kamisato Ayato,Nahida,Nilou,Yaoyao
Nilou,Tighnari,Traveler-D,Sangonomiya Kokomi
Tighnari,Nahida,Nilou,Sangonomiya Kokomi
Tartaglia,Nahida,Nilou,Baizhu
Tartaglia,Nahida,Nilou,Yaoyao
Tartaglia,Nahida,Kaedehara Kazuha,Bennett
Nahida,Raiden Shogun,Bennett,Layla
Nahida,Xiangling,Raiden Shogun,Bennett
Yoimiya,Yae Miko,Nahida,Zhongli
Dehya,Nahida,Kaedehara Kazuha,Kuki Shinobu
Nahida,Yelan,Thoma,Kuki Shinobu
Nahida,Xiangling,Yelan,Kuki Shinobu
Nahida,Xiangling,Xingqiu,Kuki Shinobu
Nahida,Xingqiu,Thoma,Kuki Shinobu
Kamisato Ayaka,Kamisato Ayato,Shenhe,Barbara
Kamisato Ayaka,Kamisato Ayato,Shenhe,Sayu
Kamisato Ayaka,Kamisato Ayato,Venti,Diona
Kamisato Ayaka,Kamisato Ayato,Kaedehara Kazuha,Diona
Kamisato Ayaka,Kamisato Ayato,Sucrose,Diona
Kamisato Ayaka,Yelan,Ganyu,Sangonomiya Kokomi
Kamisato Ayaka,Ganyu,Shenhe,Sangonomiya Kokomi
Kamisato Ayaka,Ganyu,Shenhe,Mona
Kamisato Ayaka,Ganyu,Sangonomiya Kokomi,Jean
Kamisato Ayaka,Ganyu,Sangonomiya Kokomi,Venti
Kamisato Ayaka,Ganyu,Sangonomiya Kokomi,Sucrose
Kamisato Ayaka,Ganyu,Sangonomiya Kokomi,Kaedehara Kazuha
Kamisato Ayaka,Ganyu,Sangonomiya Kokomi,Zhongli
Kamisato Ayaka,Ganyu,Mona,Diona
Kamisato Ayaka,Ganyu,Mona,Venti
Kamisato Ayaka,Ganyu,Mona,Sucrose
Kamisato Ayaka,Ganyu,Mona,Kaedehara Kazuha
Kamisato Ayaka,Ganyu,Mona,Zhongli
Kamisato Ayaka,Ganyu,Shenhe,Jean
Kamisato Ayaka,Ganyu,Shenhe,Venti
Kamisato Ayaka,Ganyu,Shenhe,Kaedehara Kazuha
Kamisato Ayaka,Ganyu,Shenhe,Diona
Kamisato Ayaka,Ganyu,Shenhe,Zhongli
Kamisato Ayaka,Ganyu,Venti,Diona
Kamisato Ayaka,Ganyu,Kaedehara Kazuha,Diona
Kamisato Ayaka,Ganyu,Kaedehara Kazuha,Zhongli
Ganyu,Kaedehara Kazuha,Albedo,Zhongli
Sangonomiya Kokomi,Shenhe,Rosaria,Kaedehara Kazuha
Sangonomiya Kokomi,Xiangling,Kaedehara Kazuha,Bennett
Klee,Xiangling,Xingqiu,Bennett
Xiangling,Xingqiu,Lynette,Bennett
Eula,Xiangling,Xingqiu,Bennett
Nahida,Xiangling,Xingqiu,Bennett
Nahida,Xiangling,Yelan,Bennett
Alhaitham,Xiangling,Xingqiu,Bennett
Xiangling,Yelan,Baizhu,Bennett
Xiangling,Xingqiu,Baizhu,Bennett
Xiangling,Xingqiu,Jean,Bennett
Xiangling,Yelan,Jean,Bennett
Xiangling,Barbara,Kaedehara Kazuha,Bennett
Xiangling,Xingqiu,Kaedehara Kazuha,Bennett
Xiangling,Yelan,Kaedehara Kazuha,Bennett
Xiangling,Xingqiu,Sucrose,Bennett
Xiangling,Yelan,Sucrose,Bennett
Xiangling,Xingqiu,Rosaria,Bennett
Xiangling,Yelan,Rosaria,Bennett
Xiangling,Xingqiu,Chongyun,Bennett
Xiangling,Yelan,Chongyun,Bennett
Xiangling,Xingqiu,Venti,Bennett
Xiangling,Yelan,Venti,Bennett
Xiangling,Xingqiu,Fischl,Bennett
Shikanoin Heizou,Xiangling,Yelan,Bennett
Shikanoin Heizou,Xiangling,Xingqiu,Bennett
Kamisato Ayaka,Xiangling,Xingqiu,Bennett
Cyno,Xiangling,Xingqiu,Bennett
Ningguang,Xiangling,Xingqiu,Bennett
Xiangling,Yelan,Zhongli,Bennett
Xiangling,Xingqiu,Zhongli,Bennett
Wanderer,Xiangling,Xingqiu,Bennett
Xiangling,Xingqiu,Albedo,Bennett
Raiden Shogun,Xingqiu,Venti,Barbara
Raiden Shogun,Xingqiu,Sucrose,Barbara
Raiden Shogun,Xingqiu,Mona,Bennett
Kamisato Ayato,Raiden Shogun,Xingqiu,Bennett
Raiden Shogun,Yelan,Sucrose,Barbara
Raiden Shogun,Yelan,Venti,Barbara
Raiden Shogun,Yelan,Sucrose,Barbara
Raiden Shogun,Yelan,Mona,Bennett
Kamisato Ayato,Raiden Shogun,Yelan,Bennett
Raiden Shogun,Yelan,Xingqiu,Jean
Raiden Shogun,Yelan,Xingqiu,Venti
Raiden Shogun,Yelan,Xingqiu,Zhongli
Raiden Shogun,Yelan,Xingqiu,Kaedehara Kazuha
Raiden Shogun,Yelan,Xingqiu,Bennett
Raiden Shogun,Yae Miko,Jean,Bennett
Raiden Shogun,Kujou Sara,Jean,Bennett
Raiden Shogun,Xingqiu,Jean,Bennett
Raiden Shogun,Yelan,Jean,Bennett
Xiao,Sucrose,Bennett,Zhongli
Xiao,Venti,Bennett,Zhongli
Xiao,Faruzan,Jean,Bennett
Xiao,Jean,Bennett,Zhongli
Xiao,Faruzan,Kaedehara Kazuha,Bennett
Xiao,Faruzan,Jean,Zhongli
Klee,Arataki Itto,Gorou,Albedo
Arataki Itto,Mona,Gorou,Zhongli
Arataki Itto,Raiden Shogun,Gorou,Zhongli
Arataki Itto,Albedo,Zhongli,Bennett
Arataki Itto,Ningguang,Gorou,Qiqi
Arataki Itto,Mona,Gorou,Zhongli
Arataki Itto,Gorou,Kaedehara Kazuha,Zhongli
Arataki Itto,Gorou,Zhongli,Bennett
Arataki Itto,Gorou,Albedo,Bennett
Arataki Itto,Gorou,Albedo,Kuki Shinobu
Arataki Itto,Gorou,Albedo,Diona
Arataki Itto,Gorou,Fischl,Zhongli
Arataki Itto,Gorou,Fischl,Albedo
Arataki Itto,Gorou,Albedo,Sangonomiya Kokomi
Arataki Itto,Gorou,Jean,Zhongli
Arataki Itto,Gorou,Sangonomiya Kokomi,Zhongli
Noelle,Yun Jin,Gorou,Bennett
Noelle,Yun Jin,Gorou,Fischl
Noelle,Xingqiu,Yun Jin,Albedo
Noelle,Yelan,Gorou,Albedo
Noelle,Yelan,Yun Jin,Gorou
Noelle,Gorou,Albedo,Bennett
Noelle,Gorou,Albedo,Sucrose
Noelle,Gorou,Fischl,Albedo
Kamisato Ayato,Xingqiu,Venti,Bennett
Kamisato Ayato,Xingqiu,Sucrose,Bennett
Kamisato Ayato,Xingqiu,Kaedehara Kazuha,Bennett
Kamisato Ayato,Yelan,Kaedehara Kazuha,Diona
Kamisato Ayato,Yelan,Venti,Bennett
Kamisato Ayato,Yelan,Sucrose,Bennett
Kamisato Ayato,Yelan,Kaedehara Kazuha,Zhongli
Kamisato Ayato,Yelan,Kaedehara Kazuha,Bennett
Kamisato Ayato,Xingqiu,Sangonomiya Kokomi,Kaedehara Kazuha
Kamisato Ayato,Yelan,Xingqiu,Kaedehara Kazuha
Kamisato Ayato,Yelan,Sangonomiya Kokomi,Kaedehara Kazuha
Tartaglia,Kaedehara Kazuha,Thoma,Bennett
Tartaglia,Xiangling,Sucrose,Bennett
Tartaglia,Xiangling,Venti,Bennett
Tartaglia,Xiangling,Zhongli,Bennett
Tartaglia,Xiangling,Jean,Bennett
Tartaglia,Xiangling,Jean,Bennett
Tartaglia,Xingqiu,Yae Miko,Zhongli
Tartaglia,Xingqiu,Raiden Shogun,Layla
Tartaglia,Xingqiu,Fischl,Beidou
Tartaglia,Yelan,Sangonomiya Kokomi,Kaedehara Kazuha
Tartaglia,Yelan,Xingqiu,Sangonomiya Kokomi
Tartaglia,Xingqiu,Mona,Zhongli
Tartaglia,Xingqiu,Mona,Kaedehara Kazuha
Tartaglia,Yelan,Xingqiu,Kaedehara Kazuha
Tartaglia,Yelan,Xingqiu,Mona
Xiangling,Yelan,Xingqiu,Bennett
Tartaglia,Xingqiu,Xiangling,Bennett
Tartaglia,Yelan,Xiangling,Bennett
Xiangling,Yelan,Mona,Kaedehara Kazuha
Xiangling,Yelan,Xingqiu,Zhongli
Yelan,Xingqiu,Kaedehara Kazuha,Zhongli
Yelan,Xingqiu,Kaedehara Kazuha,Bennett
Eula,Ganyu,Kaedehara Kazuha,Zhongli
Eula,Rosaria,Jean,Zhongli
Eula,Rosaria,Fischl,Zhongli
Yoimiya,Kaedehara Kazuha,Zhongli,Bennett
Yoimiya,Yun Jin,Zhongli,Bennett
Yoimiya,Yun Jin,Kaedehara Kazuha,Thoma
Yoimiya,Yun Jin,Kaedehara Kazuha,Bennett
Yoimiya,Yelan,Lynette,Thoma
Yoimiya,Xingqiu,Kaedehara Kazuha,Bennett
Yoimiya,Xingqiu,Sucrose,Bennett
Yoimiya,Yelan,Kaedehara Kazuha,Bennett
Yoimiya,Hu Tao,Xingqiu,Zhongli
Yoimiya,Xiangling,Xingqiu,Zhongli
Yoimiya,Xiangling,Xingqiu,Bennett
Hu Tao,Yelan,Xingqiu,Mona
Hu Tao,Dehya,Yelan,Lynette
Hu Tao,Xiangling,Xingqiu,Zhongli
Hu Tao,Xiangling,Yelan,Zhongli
Hu Tao,Xiangling,Xingqiu,Diona
Hu Tao,Xiangling,Yelan,Bennett
Hu Tao,Xiangling,Xingqiu,Bennett
Hu Tao,Xingqiu,Sucrose,Bennett
Hu Tao,Xingqiu,Sucrose,Thoma
Hu Tao,Xingqiu,Sucrose,Yanfei
Hu Tao,Xingqiu,Kaedehara Kazuha,Thoma
Hu Tao,Xingqiu,Amber,Kaedehara Kazuha
Hu Tao,Yelan,Kaedehara Kazuha,Bennett
Hu Tao,Yelan,Sucrose,Bennett
Hu Tao,Yelan,Sucrose,Thoma
Kamisato Ayaka,Hu Tao,Ganyu,Zhongli
Kamisato Ayaka,Hu Tao,Nahida,Zhongli
Kamisato Ayaka,Hu Tao,Yelan,Xingqiu
Kamisato Ayaka,Hu Tao,Xingqiu,Zhongli
Kamisato Ayaka,Hu Tao,Yelan,Zhongli
Kamisato Ayaka,Hu Tao,Xingqiu,Diona
Diluc,Xiangling,Xingqiu,Bennett
Yelan,Xingqiu,Fischl,Beidou
Yelan,Fischl,Kaedehara Kazuha,Bennett
Xingqiu,Fischl,Beidou,Kaedehara Kazuha
Sucrose,Yelan,Xingqiu,Kuki Shinobu
Sucrose,Xingqiu,Fischl,Beidou
Sucrose,Yelan,Fischl,Beidou
Sucrose,Yelan,Xingqiu,Fischl
Sucrose,Fischl,Beidou,Barbara
Xiangling,Yae Miko,Kaedehara Kazuha,Bennett
Xiangling,Fischl,Kaedehara Kazuha,Bennett
Xiangling,Chongyun,Kaedehara Kazuha,Bennett
Xiangling,Kaeya,Kaedehara Kazuha,Bennett
Xiangling,Kaeya,Amber,Bennett
Rosaria,Jean,Bennett,Layla
Xiangling,Kaedehara Kazuha,Bennett,Layla
Xiangling,Shenhe,Bennett,LaylaFreminet,Rosaria,Fischl,Sangonomiya Kokomi
Freminet,Xingqiu,Fischl,Mika
Freminet,Shenhe,Kaedehara Kazuha,Layla
Freminet,Yelan,Fischl,Kuki Shinobu
Tighnari,Yae Miko,Kujou Sara,Sayu
Lyney,Klee,Kaedehara Kazuha,Bennett
Lyney,Alhaitham,Xingqiu,Kuki Shinobu
Lyney,Kaedehara Kazuha,Bennett,Kuki Shinobu
Lyney,Kaedehara Kazuha,Bennett,Layla
Neuvillette,Fischl,Kaedehara Kazuha,Zhongli
Tartaglia,Neuvillette,Kaedehara Kazuha,Baizhu
Neuvillette,Raiden Shogun,Nahida,Zhongli
Neuvillette,Sangonomiya Kokomi,Kaedehara Kazuha,Zhongli
Wriothesley,Xiangling,Kaedehara Kazuha,Bennett
Neuvillette,Fischl,Kaedehara Kazuha,Zhongli
Neuvillette,Nahida,Venti,Kuki Shinobu
Neuvillette,Yelan,Kaedehara Kazuha,Zhongli
Tartaglia,Neuvillette,Fischl,Kaedehara Kazuha
Neuvillette,Fischl,Kaedehara Kazuha,Zhongli
Tartaglia,Xingqiu,Nahida,Kuki Shinobu
Wriothesley,Nahida,Thoma,Bennett
Neuvillette,Fischl,Kaedehara Kazuha,Baizhu
Neuvillette,Mona,Kaedehara Kazuha,Zhongli
Neuvillette,Raiden Shogun,Nahida,Sangonomiya Kokomi
Neuvillette,Yelan,Kaedehara Kazuha,Baizhu
Neuvillette,Nahida,Zhongli,Kuki Shinobu
Neuvillette,Dehya,Raiden Shogun,Baizhu
Neuvillette,Yae Miko,Kaedehara Kazuha,Zhongli
Neuvillette,Raiden Shogun,Nahida,Beidou
Neuvillette,Nahida,Nilou,Baizhu
Tartaglia,Neuvillette,Fischl,Baizhu
Neuvillette,Nahida,Fischl,Kaedehara Kazuha
Neuvillette,Xiangling,Kaedehara Kazuha,Bennett
Neuvillette,Raiden Shogun,Kaedehara Kazuha,Zhongli
Neuvillette,Dehya,Raiden Shogun,Nahida
Neuvillette,Fischl,Kaedehara Kazuha,Layla
Neuvillette,Dehya,Nahida,Mona
Neuvillette,Dehya,Nahida,Jean
Neuvillette,Fischl,Beidou,Kaedehara Kazuha
Neuvillette,Dehya,Beidou,Kaedehara Kazuha
Neuvillette,Raiden Shogun,Kaedehara Kazuha,Baizhu
Neuvillette,Raiden Shogun,Nahida,Kaedehara Kazuha
Neuvillette,Raiden Shogun,Nahida,Baizhu
Neuvillette,Raiden Shogun,Fischl,Baizhu
Neuvillette,Fischl,Albedo,Mika
Neuvillette,Raiden Shogun,Nahida,Yaoyao
Neuvillette,Dehya,Fischl,Sucrose
Neuvillette,Xiangling,Zhongli,Bennett
Neuvillette,Kaedehara Kazuha,Baizhu,Kuki Shinobu
Neuvillette,Nahida,Baizhu,Kuki Shinobu
Neuvillette,Xiangling,Kaedehara Kazuha,Baizhu
Neuvillette,Fischl,Beidou,Baizhu
Neuvillette,Fischl,Sangonomiya Kokomi,Venti
Neuvillette,Yae Miko,Nahida,Sangonomiya Kokomi
Neuvillette,Nahida,Albedo,Kuki Shinobu
Neuvillette,Fischl,Albedo,Zhongli
Neuvillette,Nahida,Fischl,Kuki Shinobu
Neuvillette,Raiden Shogun,Nahida,Kirara
Neuvillette,Yae Miko,Nahida,Jean
Neuvillette,Shenhe,Rosaria,Kaedehara Kazuha
Tartaglia,Neuvillette,Beidou,Kaedehara Kazuha
Neuvillette,Yae Miko,Nahida,Layla
Neuvillette,Nahida,Sangonomiya Kokomi,Kaedehara Kazuha
Neuvillette,Raiden Shogun,Traveler-D,Layla
Neuvillette,Sangonomiya Kokomi,Kaedehara Kazuha,Layla
Neuvillette,Yae Miko,Fischl,Yaoyao
Neuvillette,Fischl,Sangonomiya Kokomi,Kaedehara Kazuha
Neuvillette,Beidou,Sangonomiya Kokomi,Kaedehara Kazuha
Neuvillette,Fischl,Venti,Zhongli
Neuvillette,Yelan,Kaedehara Kazuha,Kuki Shinobu
Neuvillette,Raiden Shogun,Nahida,Qiqi
Neuvillette,Mona,Kaedehara Kazuha,Kuki Shinobu
Neuvillette,Mona,Sucrose,Zhongli
Neuvillette,Yelan,Fischl,Jean
Neuvillette,Kaedehara Kazuha,Zhongli,Kuki Shinobu
Neuvillette,Mona,Kaedehara Kazuha,Layla
Neuvillette,Raiden Shogun,Nahida,Fischl
Neuvillette,Xiangling,Zhongli,Kuki Shinobu
Neuvillette,Nahida,Fischl,Zhongli
Neuvillette,Mona,Fischl,Jean
Neuvillette,Nahida,Fischl,Jean
Neuvillette,Nahida,Mona,Fischl
Neuvillette,Xiangling,Kaedehara Kazuha,Layla
Neuvillette,Nahida,Kuki Shinobu,Layla
Neuvillette,Fischl,Beidou,Zhongli
Neuvillette,Rosaria,Kaedehara Kazuha,Layla
Neuvillette,Xiangling,Kaedehara Kazuha,Yanfei
Neuvillette,Ganyu,Kaedehara Kazuha,Diona
Neuvillette,Fischl,Kaedehara Kazuha,Diona
Neuvillette,Xingqiu,Nahida,Kuki Shinobu
Neuvillette,Fischl,Kaedehara Kazuha,Yaoyao
Neuvillette,Nahida,Fischl,Beidou
Neuvillette,Fischl,Beidou,Sangonomiya Kokomi
Neuvillette,Raiden Shogun,Zhongli,Baizhu
